어린이집명,주소,위도,경도
평택아너스어린이집,"경기도 평택시 평남로 671 104동 103호(비전동, 비전경남아너스빌아파트)",36.9938858,127.1099699
해링턴i어린이집,경기도 평택시 소사3로 22 효성해링턴플레이스 2단지 208동102호,36.9878033,127.1291729
효성다온어린이집,경기도 평택시 소사3로 22 효성해링턴플레이스 206동 104호,36.9878033,127.1291729
시립복창어린이집,경기도 평택시 신창로 12 (서정동),37.0747819,127.0425933
서정어린이집,경기도 평택시 서정로 205 (서정동),37.0665692,127.0561729
아이행복플러스어린이집,경기도 평택시 점촌로32번길 40 (서정동),37.0614804,127.0575980
알토란어린이집,"경기도 평택시 서정북로 99 105동 101호(서정동,더샵아파트)",37.0721127,127.0613847
아가사랑어린이집,"경기도 평택시 현촌3길 21 108동 105호(용이동, 평택용이금호어울림1단지)",37.0016692,127.1307448
하늘담은어린이집,"경기도 평택시 현촌3길 21 104동 102호(용이동, 평택용이금호어울림1단지)",37.0016692,127.1307448
원평어린이집,경기도 평택시 원평2로35번길 13 (평택동),36.9912372,127.0820853
스마일키즈어린이집,경기도 평택시 원평로25번길 61 군문주공아파트2단지 관리소옆 (군문동),36.9870175,127.0844064
필립스어린이집,경기도 평택시 원평로83번길 38-35,36.9900051,127.0807401
곰돌이어린이집,"경기도 평택시 원평로25번길 61 211동 101호(군문동, 군문주공2단지)",36.9870175,127.0844064
시립고덕르플로랑어린이집,경기도 평택시 고덕국제대로 202 관리동,37.0562368,127.0455911
시립고덕센트레빌어린이집,경기도 평택시 고덕갈평3로 50 관리동,37.0621457,127.0498184
시립고덕어울림스퀘어어린이집,경기도 평택시 고덕중앙2로 100 관리동,37.0438482,127.0456744
해님달님어린이집,경기도 평택시 팽성읍 근내길 34,36.9710552,127.0587658
꿈자람어린이집,경기도 평택시 팽성읍 팽성송화로 154 111동 101호(우미이노스빌아파트),36.9600337,127.0599393
리라어린이집,경기도 평택시 팽성읍 팽성송화로 154 107동 105호 (송화지구우미이노스빌),36.9600337,127.0599393
드림153어린이집,경기도 평택시 포승읍 여술4길 18-9,36.9901695,126.8448630
산새소리어린이집,경기도 평택시 현신3길 75 용이푸르지오1차 아파트 관리동 (용이동),36.9990692,127.1423222
아이랜드어린이집,경기도 평택시 현신7길 43 반도유보라 관리동 (용이동),36.9984869,127.1465455
꼬마아띠어린이집,"경기도 평택시 현촌3길 21 103-101(용이동, 평택용이금호어울림1단지)",37.0016692,127.1307448
맘스맘어린이집,"경기도 평택시 현신3길 76 ,205동 101호(용이동, 평택용이2차푸르지오아파트)",36.9975316,127.1426227
꿈을키우는라온어린이집,경기도 평택시 서탄면 수월암4길 72,37.1271246,127.0288451
시립더샵센트럴시티어린이집,경기도 평택시 지제동삭1로 41 관리동,37.0229222,127.0755031
시립힐스테이트지제어린이집,경기도 평택시 지제동삭1로 91 관리동,37.0229332,127.0806271
시립힐스테이트평택2차어린이집,경기도 평택시 세교6로 45 관리동,37.0102104,127.0866453
꿈그린 어린이집,경기도 평택시 세교3로 5 (세교동) 관리동,37.0022150,127.0804273
무지개어린이집,경기도 평택시 점촌로32번길 33 (서정동),37.0618500,127.0578940
그린별어린이집,"경기도 평택시 세교2로 38 101동 104호 (세교동, 개나리아파트)",37.0008083,127.0823288
꿈동산어린이집,"경기도 평택시 세교공원로 33 305동 105호(세교동, 부영2차아파트)",37.0037316,127.0814549
시립고덕파라곤어린이집,경기도 평택시 고덕국제대로 180 고덕국제신도시파라곤 관리동,37.0543140,127.0452164
시립제일풍경채어린이집,경기도 평택시 고덕국제대로 179 제일풍경채센트럴아파트 관리동,37.0534594,127.0421383
시립평택고덕어린이집,경기도 평택시 고덕여염로 20 평택고덕LH17단지 관리동,37.0377030,127.0466640
아이봄어린이집,경기도 평택시 고덕국제대로 202 288동 103호(고덕엘에이치르플로랑A),37.0562368,127.0455911
시립고덕하늘채시그니처어린이집,경기도 평택시 효덕새싹길 55 관리동,37.0202239,127.0345531
영화어린이집,"경기도 평택시 고덕면 궁2길 37-24 (고덕면,영화블렌하임아파트내 영화어린이집)",37.0219096,127.0336447
사랑모아어린이집,경기도 평택시 고덕면 궁2길 37-24 영화블렌하임아파트 206동 104호,37.0219096,127.0336447
행복한어린이집,경기도 평택시 고덕면 서동대로 2651 태평아파트 302동 101호,37.0171155,127.0339694
시립더샵센트럴3단지어린이집,경기도 평택시 동삭1로22번길 40 관리동,37.0223478,127.0933190
아이천사어린이집,"경기도 평택시 세교3로 8 102동 101호(세교동, 현대향촌아파트)",37.0011742,127.0796605
오렌지나라어린이집,"경기도 평택시 세교공원로 32 107동 102호(세교동, 보성청실아파트)",37.0022193,127.0831731
지제힐스맘어린이집,경기도 평택시 지제동삭1로 91 105동 101호,37.0229332,127.0806271
키즈앤맘어린이집,"경기도 평택시 세교공원로 66 502동 109호(세교동, 부영1차아파트)",37.0035948,127.0852822
힐스조이어린이집,경기도 평택시 세교6로 46 109동 103호,37.0120050,127.0879683
가온누리어린이집,경기도 평택시 동막길 98 (지산동),37.0746608,127.0939165
배화어린이집,경기도 평택시 지산천로 66 라이프아파트단지내 (독곡동),37.0830036,127.0610020
지산스위첸어린이집,"경기도 평택시 지산로 128 (지산동, KCC스위첸아파트 관리동 1층)",37.0799734,127.0685031
은혜어린이집,"경기도 평택시 송탄공원로 146 104동 114호(지산동, 아주)",37.0777588,127.0648393
해달별어린이집,"경기도 평택시 경기대로 1578 104동 102호(독곡동, 삼익아파트)",37.0854027,127.0630684
더샵아이사랑어린이집,경기도 평택시 지제동삭1로 163 113동 101호,37.0216886,127.0898780
리틀토리어린이집,경기도 평택시 상서재로 55 303동 102호,37.0214999,127.1006734
송정어린이집,"경기도 평택시 동삭로 397 107동 103호(동삭동, 삼익사이버아파트)",37.0215661,127.0971410
좋은나무어린이집,"경기도 평택시 서재로 36 107동 104호(동삭동, 서재자이아파트)",37.0111800,127.1016906
시립배다리마을5단지어린이집,경기도 평택시 죽백4로 60,37.0051548,127.1236215
시립소사벌푸르지오어린이집,경기도 평택시 평남로 996 소사벌푸르지오아파트 관리동,37.0083023,127.1021816
시립효성해링턴코트어린이집,경기도 평택시 죽백8길 37 123동 1층,37.0071699,127.1199864
LG이노텍어린이집,경기도 평택시 진위면 진위2산단로 111,37.1215877,127.0762192
시립청북 어린이집,경기도 평택시 청북면 청북산단로 48-9,37.0506317,126.9761627
꿈누리세상어린이집,경기도 평택시 청북읍 청북남로 365 청북브라운스톤아파트 관리동,37.0206092,126.9061384
이솔어린이집,경기도 평택시 청북읍 안청로1길 91 이안아파트 관리동 1층,37.0197753,126.9089527
청아어린이집,경기도 평택시 청북읍 안청로4길 42 청북이지더원아파트 관리동,37.0226359,126.9172773
시립코오롱하늘채어린이집,경기도 평택시 추담로 58-78 코오롱하늘채아파트 관리동,37.0590566,127.0790469
해찬솔어린이집,경기도 평택시 산단로121번길 40,37.0387241,127.0845208
다사랑어린이집,"경기도 평택시 칠괴길 138-33 105동 102호(칠괴동, 칠괴우림필유아파트)",37.0266142,127.0840220
쁘띠어린이집,"경기도 평택시 원칠원길 56 101동 105호 칠원동, 동광",37.0322944,127.1023529
평택리틀엔젤어린이집,경기도 평택시 신촌5로 56 동문굿모닝힐맘시티 405동 102호,37.0247839,127.1073760
하늘채어린이집,경기도 평택시 추담로 58-78 장안마을코오롱하늘채 1011동 101호,37.0590566,127.0790469
행복한그림어린이집,"경기도 평택시 원칠원길 56 104동 103호(칠원동, 동광)",37.0322944,127.1023529
시립영아전담신장어린이집,경기도 평택시 남산로65번길 46-11,37.0877717,127.0454456
평택청북5차부영사랑으로어린이집,경기도 평택시 청북읍 안청로1길 92 부영5차 관리동,37.0206420,126.9125702
한양아이뜰어린이집,경기도 평택시 청북읍 안청로4길 51 한양수자인아파트 관리동,37.0234543,126.9219357
꿈나무어린이집,경기도 평택시 동부공원로14번길 56 경기도 평택시 동부공원로 14번지,36.9927071,127.1180582
리틀예랑어린이집,"경기도 평택시 중앙로 301 102동 101호(비전동, 문화아파트)",36.9915018,127.1160050
베이비스쿨어린이집,"경기도 평택시 중앙로 335 103동 104호(비전동, 벽산아파트)",36.9919827,127.1197515
솔마루어린이집,"경기도 평택시 평택5로114번길 13 113동 103호(비전동, 현대이화아파트)",36.9971100,127.1108163
예꿈어린이집,"경기도 평택시 동부공원로 40 101동 102호(비전동, 신명나리아파트)",36.9933811,127.1196362
이화어린이집,"경기도 평택시 평택5로114번길 13 104동 104호(비전동, 현대이화아파트)",36.9971100,127.1108163
코끼리어린이집,"경기도 평택시 평남로 671 115동 103호(비전동, 비전경남아너스빌아파트)",36.9938858,127.1099699
벤자민어린이집,경기도 평택시 송탄로 90 현대아파트 109동101호 벤자민어린이집 (이충동),37.0531371,127.0572576
아이공간어린이집,"경기도 평택시 경기대로 1188 203동 103호(장당동, 우미이노스빌2차)",37.0520907,127.0613687
알라딘어린이집,"경기도 평택시 이충로 60 103동 104호(이충동, 이충마을미주3차아파트)",37.0624530,127.0692260
좋은씨앗어린이집,경기도 평택시 이충로35번길 19 정암마을뜨란채 관리동,37.0585534,127.0673729
풍경채열린어린이집,경기도 평택시 송탄로 27 제일풍경채장당센트럴아파트 관리동,37.0476054,127.0556361
현동빅스맘어린이집,"경기도 평택시 이충로 93-20 303동 107호(이충동, 부영아파트)",37.0616438,127.0660360
송탄리라어린이집,경기도 평택시 지산1로24번길 32 (지산동),37.0766362,127.0595465
해솔어린이집,경기도 평택시 지산2로 50 건영아파트 단지내 해솔어린이집,37.0765896,127.0637001
서희곰돌이어린이집,경기도 평택시 목천로 65-15 108동 102호(서희스타힐스아파트),37.0862603,127.0549455
꼬마천사어린이집,경기도 평택시 참이슬길 13 참이슬아파트 관리동1층,36.9900233,127.1186129
아이사랑어린이집,경기도 평택시 조개터로6번길 41-5,36.9873674,127.1032880
반도가람어린이집,"경기도 평택시 비전2로 297 죽백동, 소사벌 반도유보라 1단지",37.0084575,127.1135559
소사벌어린이집,"경기도 평택시 경기대로 508 관리동(비전동, 휴먼시아2단지아파트)",37.0048929,127.0967564
에코아이어린이집,"경기도 평택시 비전3로 115 관리동어린이집(죽백동, 중흥S클래스아파트)",37.0082075,127.1096820
예그리나어린이집,경기도 평택시 평택5로 271 롯데캐슬아파트 관리동 (비전동),36.9989184,127.0954029
우미린꿈의 어린이집,경기도 평택시 비전3로 76 우미린 센트럴파크 관리동 어린이집,37.0051052,127.1100343
햇님어린이집,경기도 평택시 중앙1로 81-1,36.9971245,127.0919734
효성반디어린이집,"경기도 평택시 평남로 865 관리동(비전동, 효성백년가약아파트)",37.0003373,127.1084917
기쁜사랑어린이집,"경기도 평택시 비전2로 70 313동 101호(비전동,엘에이치이곡마을3단지)",37.0032323,127.0978509
라니어린이집,경기도 평택시 비전2로 320 501동 101호,37.0103173,127.1136748
별초롱어린이집,"경기도 평택시 비전3로 76 107-101 (비전동, 우미린센트럴파크아파트)",37.0051052,127.1100343
아이린어린이집,경기도 평택시 비전2로 317 반도유보라아이파크 203-104,37.0101740,127.1113449
시립더샵센트럴자람어린이집,경기도 평택시 지제동삭1로 163 관리동,37.0216886,127.0898780
시립센트럴자이2단지어린이집,경기도 평택시 상서재로4길 13,37.0169427,127.1024251
시립센트럴자이3단지어린이집,경기도 평택시 상서재로 55 센트럴자이3단지아파트 관리동,37.0214999,127.1006734
더샵어린이집,경기도 평택시 지제동삭1로 163,37.0216886,127.0898780
삼육라이튼어린이집,"경기도 평택시 상서재로 55 관리동 (동삭동, 평택센트럴자이 3단지)",37.0214999,127.1006734
자이로얄키즈어린이집,"경기도 평택시 서재로 36 관리동(동삭동,서재자이아파트)",37.0111800,127.1016906
참이슬어린이집,"경기도 평택시 참이슬길 13 110동 104호(합정동, 참이슬아파트)",36.9900233,127.1186129
시립안중어린이집,경기도 평택시 안중읍 안현로서1길 59,36.9921218,126.9296181
꽃마리어린이집,경기도 평택시 안중읍 한촌길 112,36.9864760,126.9132722
효성잼잼어린이집,"경기도 평택시 평남로 865 108동 103호(비전동, 효성백년가약",37.0003373,127.1084917
시립에듀포레어린이집,경기도 평택시 용죽2로 30,36.9929176,127.1224451
시립효성해링턴1단지어린이집,경기도 평택시 소사3로 53 효성해링턴플레이스1단지 관리동,36.9904016,127.1252884
맑고향기로운연꽃동산어린이집,경기도 평택시 평택5로 203-5,36.9968055,127.1011347
고운아이어린이집,경기도 평택시 평남로 671 경남아너스빌 관리동 건물,36.9938858,127.1099699
또래모아어린이집,경기도 평택시 어인남로26번길 1 (비전동),36.9952040,127.0989732
비전아이뜰어린이집,"경기도 평택시 용죽2로 24 관리동어린이집(용이동, 평택비전센트럴푸르지오2차아파트)",36.9941941,127.1217238
아이파크어린이집,"경기도 평택시 용죽1로 65 104동 1층 관리동(용이동, 비전아이파크)",36.9989814,127.1251059
꿈그린몬테소리어린이집,경기도 평택시 안중읍 안현로서9길 164-9 건영캐스빌 관리동 1층,36.9879068,126.9181486
아이러브어린이집,경기도 평택시 안중읍 송담1로 55 지엔하임2차 아파트 관리동,36.9756891,126.9279402
우주어린이집,경기도 평택시 안중읍 행궁길 79-6,36.9795218,126.9147099
자연숲어린이집,경기도 평택시 안중읍 대반1길 21-21,36.9935047,126.9511561
중앙어린이집,경기도 평택시 서동대로 1832-23 안중우림아파트 관리동,36.9934581,126.9524814
지혜의숲어린이집,경기도 평택시 안중읍 안현로서7길 46 주공2차 주민복지관,36.9822869,126.9225986
힐스아이어린이집,경기도 평택시 안중읍 송담1로 65 힐스테이트 104동 1층,36.9770632,126.9286049
맑은샘 어린이집,경기도 평택시 안중읍 송담1로 85 지엔하임1차아파트103-101,36.9785586,126.9294733
우림어린이집,경기도 평택시 안중읍 안현로서9길 164-20 우림아파트 107동 102호,36.9856430,126.9180000
주주어린이집,경기도 평택시 안중읍 안현로서6길 111 현대2차302-105,36.9840289,126.9164238
하선어린이집,경기도 평택시 안중읍 안현로서7길 9  동신2차아파트 201동104호,36.9806674,126.9253610
시립오성어린이집,경기도 평택시 오성면 숙성1길 4-6,37.0093949,126.9857524
시립이편한세상평택용이1단지어린이집,경기도 평택시 신흥1로 67,37.0020299,127.1438265
금호온누리어린이집,"경기도 평택시 현촌1로 8 관리동 (용이동, 평택용이금호어울림2단지)",36.9985438,127.1296283
드림어린이집,경기도 평택시 비전3로 115 102동105호 (중흥S클래스아파트),37.0082075,127.1096820
푸르지오키즈어린이집,경기도 평택시 용죽1로 14 평택비젼푸르지오 1차 관리동 어린이집,36.9958323,127.1210455
아이자람어린이집,경기도 평택시 청북읍 청북남로 278 부영3차 304-104,37.0195353,126.9135711
튼튼이어린이집,경기도 평택시 청북읍 청북남로 277 부영2차 아파트 216동 102호,37.0176949,126.9137625
해아뜰어린이집,경기도 평택시 청북읍 안청로1길 12 부영1차아파트 116동 103호,37.0160539,126.9143937
텔스타 어린이집,경기도 평택시 청북읍 현곡산단로93번길 89,37.0390841,126.9444288
시립안정어린이집,경기도 평택시 팽성읍 안정순환로186번길 4 시립안정어린이집,36.9630453,127.0443226
대원좋은친구들어린이집,경기도 평택시 팽성읍 부용로 36,36.9636500,127.0601166
서화어린이집,경기도 평택시 팽성읍 추팔산단로 23,36.9629942,127.0714525
우미어린이집,경기도 평택시 팽성읍 팽성송화로 154 관리동,36.9600337,127.0599393
키즈랜드어린이집,경기도 평택시 팽성읍 송화2길 36,36.9512341,127.0493867
동화나라어린이집,경기도 평택시 지산3로 65-11,37.0806029,127.0630581
예닮키즈 빅스맘 어린이집,경기도 평택시 지산천로 34-12,37.0828602,127.0637731
축복어린이집,경기도 평택시 지산로175번길 4-10,37.0807953,127.0754564
토리어린이집,경기도 평택시 오좌동길 55,37.0850741,127.0659885
예닮 빅스맘 어린이집,경기도 평택시 지산천로 34-12,37.0828602,127.0637731
코아루자람어린이집,"경기도 평택시 지산로 137 102-102호 (지산동, 지산코아루 아파트)",37.0819360,127.0689590
시립굿모닝힐맘시티1단지어린이집,경기도 평택시 신촌1로 9 동문굿모닝힐맘시티1단지내,37.0264779,127.1020339
스위첸베베 어린이집,"경기도 평택시 지산로 128 108동 103호(지산동, KCC스위첸아파트)",37.0799734,127.0685031
즐거운어린이집,"경기도 평택시 송탄공원로 145 101동 103호(지산동, 미주2차아파트)",37.0792134,127.0643482
시립가곡어린이집,경기도 평택시 진위면 가곡길 98,37.1179212,127.0744648
연꽃어린이집,경기도 평택시 진위면 진위서로 74-12,37.1074602,127.0701177
LG전자 평택어린이집,경기도 평택시 진위면 엘지로 222 LG전자기숙사 백합동 1층,37.1290327,127.0916202
시립행복다온어린이집,경기도 평택시 청북읍 안청로1길 21 청북LHB12단지 102동 1층,37.0147188,126.9141270
솔가람어린이집,경기도 평택시 청북읍 옥길1길 295,37.0243395,126.9082289
창의어린이집,경기도 평택시 청북읍 옥길1길 156-1,37.0267996,126.9112079
청북숲어린이집,경기도 평택시 청북읍 옥길1길 192,37.0239913,126.9111913
초록샘어린이집,경기도 평택시 청북읍 옥길1길 244,37.0238991,126.9062769
아이뜰어린이집,경기도 평택시 잔다리1길 29 (세교동),37.0056746,127.0802073
시립굿모닝힐맘시티3단지어린이집,경기도 평택시 신촌5로 20 관리동,37.0250825,127.1009634
시립굿모닝힐맘시티4단지어린이집,경기도 평택시 신촌5로 56 평택지제역동문굿모닝힐맘시티4단지,37.0247839,127.1073760
시립송탄공단어린이집,경기도 평택시 산단로15번길 7 (모곡동),37.0374879,127.0717484
우림천사어린이집,경기도 평택시 막곡길 11 우림필유아파트 관리동 (가재동),37.0403656,127.0838843
장안어린이집,경기도 평택시 추담로 56-38,37.0562838,127.0773887
현진어린이집,경기도 평택시 원칠원길 56 동광아파트 1층 관리동,37.0322944,127.1023529
동문베베어린이집,경기도 평택시 신촌1로 9 동문굿모닝힐맘시티 105동 104호,37.0264779,127.1020339
예빛아이어린이집,"경기도 평택시 추담로 58-78 1022동 101호 (장안동, 코오롱하늘채)",37.0590566,127.0790469
하늘빛어린이집,"경기도 평택시 막곡길 11 104동 102호(가재동, 우림필유)",37.0403656,127.0838843
햇살맘 어린이집,경기도 평택시 추담로 58-78 장안마을코오롱하늘채 1003동 103호,37.0590566,127.0790469
자람어린이집,경기도 평택시 삼남로 17-6,37.0284574,127.0997900
시립송탄서희어린이집,경기도 평택시 목천로 65-15 관리동,37.0862603,127.0549455
키즈키즈어린이집,경기도 평택시 남산로 67-6,37.0870309,127.0490235
공군오산기지어린이집,경기도 평택시 신장로 55,37.0813753,127.0471980
민들레 어린이집,경기도 평택시 평택로 22 민들레어린이집,36.9899616,127.0893982
뽀로로어린이집,경기도 평택시 지산로37번길 10 장미아파트 (지산동),37.0797581,127.0593949
sk베베어린이집,"경기도 평택시 소사2길 9 108동 101호(소사동, 평택소사에스케이뷰아파트)",36.9895607,127.1239872
걸음마어린이집,"경기도 평택시 평남로 671 105동 103호(비전동, 비전경남아너스빌아파트)",36.9938858,127.1099699
꿈쟁이어린이집,경기도 평택시 매봉산4길 54 꿈쟁이어린이집 (비전동),36.9959621,127.1058466
무지개나라어린이집,"경기도 평택시 평택4로 124 103동 104호(비전동, 럭키덕동아파트)",36.9981149,127.1046987
비전푸르지오어린이집,경기도 평택시 용죽1로 14 110동 104호,36.9958323,127.1210455
사랑나무i어린이집,경기도 평택시 소사3로 22 효성해링턴플레이스 2단지 203동 101호,36.9878033,127.1291729
아가동산어린이집,경기도 평택시 팔각정길 8-14,36.9979782,127.1020667
아마데우스어린이집,경기도 평택시 매봉산5길 3 (비전동),36.9960623,127.1058021
예쁜아이어린이집,"경기도 평택시 평택4로 124 108동 106호(비전동, 럭키덕동아파트)",36.9981149,127.1046987
지혜샘어린이집,"경기도 평택시 평남로 737 102동 104호(비전동, 한빛아파트)",36.9961525,127.1158816
태산어린이집,"경기도 평택시 매봉산1길 11 101동 101호(비전동, 태산)",36.9985308,127.1067817
키즈월드어린이집,경기도 평택시 청북읍 옥길1길 240,37.0236450,126.9065471
평택청북1차부영사랑으로어린이집,경기도 평택시 청북읍 안청로1길 12 부영1차아파트 관리동,37.0160539,126.9143937
평택청북2차부영사랑으로어린이집,경기도 평택시 청북읍 청북남로 277 부영2차아파트 관리동,37.0176949,126.9137625
평택청북3차부영사랑으로어린이집,경기도 평택시 청북읍 청북남로 278 부영3차 관리동,37.0195353,126.9135711
한내들무지개어린이집,경기도 평택시 청북읍 안청로4길 53 유승한내들퍼스트뷰아파트 관리동,37.0234228,126.9246661
러블리어린이집,경기도 평택시 청북읍 청북남로 277 부영아파트 203동 101호,37.0176949,126.9137625
부영꼬망세어린이집,경기도 평택시 청북읍 안청로1길 92 508-103(부영5차아파트),37.0206420,126.9125702
모아미래도 어린이집,경기도 평택시 포승읍 여술로 74 모아미래도 아파트 관리동 1층,36.9906119,126.8500215
하나둘셋어린이집,경기도 평택시 포승읍 포승공단순환로 403 삼부르네상스1단지아파트 관리동,36.9890738,126.8513814
멜로디어린이집,경기도 평택시 포승읍 여술로43번길 18 202동 101호 (삼부르네상스2차),36.9907749,126.8475483
만도평택어린이집,경기도 평택시 포승읍 연암길 46 만도사원아파트 102동 105호~106호,36.9637309,126.8507325
해군어린이집,경기도 평택시 포승읍 2함대길 20 107동 뒤,36.9951586,126.8347709
조은아이어린이집,"경기도 평택시 평남로 281 109동 103호(통복동, 통복삼성아파트)",36.9918535,127.0797165
키즈삼성어린이집,"경기도 평택시 평남로 281 107동 103호(통복동, 통복삼성아파트)",36.9918535,127.0797165
단비어린이집,경기도 평택시 정암로60번길 46,37.0548421,127.0596599
리더스어린이집,경기도 평택시 동령길 14-2,37.0607339,127.0728788
새나라어린이집,"경기도 평택시 이충로 72 (중앙동,이충LIG아파트 관리소 1층)",37.0641860,127.0684196
꼬꼬마어린이집,"경기도 평택시 송탄공원로 146 105동 102호(지산동, 아주)",37.0777588,127.0648393
미주몬테소리어린이집,"경기도 평택시 이충로 60 101동 101호(이충동, 미주3차아파트)",37.0624530,127.0692260
대림햇살어린이집,"경기도 평택시 현촌1로 7 관리동 (용이동, e편한세상평택)",37.0005554,127.1286473
수피아어린이집,"경기도 평택시 현촌3길 21 관리동 (용이동, 평택용이금호어울림1단지)",37.0016692,127.1307448
푸르지오어린이집,경기도 평택시 현신3길 76 (용이동),36.9975316,127.1426227
다솜어린이집,"경기도 평택시 현신3길 75 109동 104호(용이동, 평택용이푸르지오아파트)",36.9990692,127.1423222
산들바람어린이집,"경기도 평택시 현촌3길 21 116동 103호(용이동, 평택용이금호어울림1단지)",37.0016692,127.1307448
아이원어린이집,"경기도 평택시 현신3길 76 203동 101호(용이동, 평택용이푸르지오2차)",36.9975316,127.1426227
아이편한어린이집,"경기도 평택시 신흥1로 67 113동 103호(용이동, 이편한세상 평택용이)",37.0020299,127.1438265
유보라꿈나무어린이집,경기도 평택시 현신7길 43 용이동492-1번지 용이반도유보라아파트 304-102호,36.9984869,127.1465455
푸르미어린이집,"경기도 평택시 신흥1로 67 103동 102호(용이동, 이편한세상평택 용이1단지아파트)",37.0020299,127.1438265
해피키즈어린이집,"경기도 평택시 현촌3길 21 103동 102호 (용이동, 평택용이금호어울림1단지)",37.0016692,127.1307448
시립SK뷰어린이집,경기도 평택시 고평로 50 관리동,36.9958594,127.0770956
새싹어린이집,경기도 평택시 신대고잔길 16-6,36.9965945,127.0675440
주공예능어린이집,경기도 평택시 원평로25번길 63 주공아파트 1단지 관리동 (군문동),36.9863085,127.0820412
한사랑어린이집,경기도 평택시 원평로31번길 60 (평택동),36.9873238,127.0825553
시립고덕LH2단지어린이집,경기도 평택시 고덕국제대로 232 관리동,37.0581213,127.0447559
시립고덕LH35단지어린이집,경기도 평택시 고덕순환대로 579 관리동,37.0598170,127.0496920
시립고덕리슈빌어린이집,경기도 평택시 고덕국제6로 50 관리동,37.0366446,127.0347199
시립고덕신안별빛어린이집,경기도 평택시 고덕국제대로 203 신안인스빌시그니처아파트 관리동,37.0561803,127.0420726
시립고덕자연앤자이어린이집,경기도 평택시 고덕국제대로 152 관리동,37.0507078,127.0452008
시립고덕파라곤에듀포레어린이집,경기도 평택시 고덕국제8로 91 관리동,37.0410779,127.0249588
시립대광로제비앙어린이집,경기도 평택시 고덕국제6로 49 관리동,37.0365826,127.0328156
시립파밀리에어린이집,경기도 평택시 고덕국제2로 73 신동아파밀리에아파트 관리동,37.0491898,127.0454096
시립평택고덕행복어린이집,경기도 평택시 고덕갈평3로 40 관리동,37.0622142,127.0475229
시립호반써밋어린이집,경기도 평택시 고덕로 366 호반써밋1차 관리동,37.0443065,127.0365089
시립호반써밋에듀파크어린이집,경기도 평택시 고덕로 270 관리동,37.0368459,127.0308273
아이누리어린이집,경기도 평택시 고덕국제6로 49 1424동 103호,37.0365826,127.0328156
오감만족어린이집,경기도 평택시 고덕국제대로 202 287동 103호(고덕엘에이치르플로랑A),37.0562368,127.0455911
평택삼성어린이집,경기도 평택시 삼성로 145 (여염리),37.0372493,127.0492779
시립두릉어린이집,경기도 평택시 고덕면 두릉3길 15,37.0640255,127.0252885
이데아어린이집,경기도 평택시 고덕면 서동대로 2651 태평아파트 단지내,37.0171155,127.0339694
송꿈나무어린이집,경기도 평택시 고덕면 서동대로 2651 103동 103호,37.0171155,127.0339694
하늘숲어린이집,"경기도 평택시 효덕새싹길 55 119동 102호(고덕면, 고덕하늘채시그니처)",37.0202239,127.0345531
시립더샵센트럴2단지어린이집,경기도 평택시 지제동삭2로 177 관리동,37.0184747,127.0926406
풀잎어린이집,"경기도 평택시 동부공원로 15 303동 103호(비전동, 현대비전아파트)",36.9941628,127.1164952
해링턴숲 어린이집,경기도 평택시 소사3로 22 효성해링턴 플레이스 2단지 211동 104호,36.9878033,127.1291729
효성아이어린이집,경기도 평택시 소사3로 22 평택 효성해링턴 플레이스 2단지 211동101호,36.9878033,127.1291729
평택시청직장어린이집,경기도 평택시 중앙로 277,36.9913171,127.1141619
노블키즈어린이집,경기도 평택시 송탄2로31번길 27 (서정동),37.0726501,127.0582497
녹지어린이집,경기도 평택시 점촌로23번길 6 미송상가 A동(서정동),37.0635568,127.0567622
더? 아이뜰 어린이집,"경기도 평택시 서정북로 99 (서정동, 포스코 더샵아파트 관리동)",37.0721127,127.0613847
동그라미어린이집,경기도 평택시 지장로 33 (서정동),37.0691604,127.0584178
명성어린이집,경기도 평택시 복창로 15-16,37.0695688,127.0504415
송탄이화어린이집,경기도 평택시 점촌1로6번길 15 (서정동),37.0613277,127.0552231
하은어린이집,경기도 평택시 복창로 25 (서정동),37.0707626,127.0512943
예꼬어린이집,"경기도 평택시 지장로27번길 90 105동 108호(서정동, 금호아파트)",37.0682840,127.0564480
체리어린이집,"경기도 평택시  특구로27번길 46 7동 107호(서정동, 동산아파트)",37.0690561,127.0609453
금호아이조아어린이집,경기도 평택시 지장로27번길 90 (서정동),37.0682840,127.0564480
시립세교부영2차어린이집,경기도 평택시 세교공원로 33 관리동,37.0037316,127.0814549
시립힐스테이트평택1차어린이집,경기도 평택시 세교6로 46 관리동,37.0120050,127.0879683
시립힐스테이트평택3차어린이집,경기도 평택시 세교6로 19 힐스테이트평택3차 관리동 (세교동),37.0096849,127.0893339
신정어린이집,경기도 평택시 은실고가길 163-5,37.0063914,127.0768566
아이들세상 어린이집,경기도 평택시 세교공원로 65 태영아파트 관리동 (세교동),37.0047314,127.0828116
아이들천국어린이집,경기도 평택시 세교2로 38 개나리아파트 관리동(세교동),37.0008083,127.0823288
꼬마궁전어린이집,"경기도 평택시 세교공원로 66 504동 110호(세교동, 부영1차아파트)",37.0035948,127.0852822
마미빅스맘어린이집,"경기도 평택시 세교공원로 33 305동 102호(세교동, 부영2차아파트)",37.0037316,127.0814549
뭉게구름어린이집,"경기도 평택시 세교공원로 33 303동 101호(세교동, 부영2차아파트)",37.0037316,127.0814549
세교어린이집,"경기도 평택시 세교공원로 66 503동 108호(세교동, 부영1차아파트)",37.0035948,127.0852822
아이뽀어린이집,경기도 평택시 지제동삭1로 41 113동 205호,37.0229222,127.0755031
예그린 어린이집,"경기도 평택시 세교3로 5 102동 107호(세교동, 우성꿈그린)",37.0022150,127.0804273
유아어린이집,"경기도 평택시 세교공원로 66 505동 110호(세교동, 부영1차아파트)",37.0035948,127.0852822
캐롤어린이집,"경기도 평택시 세교공원로 65 108동 107호(세교동, 태영아파트)",37.0047314,127.0828116
한아름어린이집,"경기도 평택시 세교2로 38 106동 104호(세교동, 개나리아파트)",37.0008083,127.0823288
해뜨랑어린이집,"경기도 평택시 세교공원로 33 308동 105호(세교동, 부영2차아파트)",37.0037316,127.0814549
더샵엔젤어린이집,경기도 평택시 지제동삭1로 41 113동 203호,37.0229222,127.0755031
행복가득한어린이집,경기도 평택시 비전2로 317 반도유보라 아이비파크 206동101호,37.0101740,127.1113449
효성라온어린이집,"경기도 평택시 평남로 865 106동 102호(비전동 , 효성백년가약아파트)",37.0003373,127.1084917
효성킨더어린이집,경기도 평택시 평남로 865 효성백년가약아파트 113동 101호,37.0003373,127.1084917
시립뉴비전엘크루어린이집,경기도 평택시 소사7로 8 관리동,36.9877510,127.1175035
시립평택비전지웰푸르지오어린이집,경기도 평택시 용죽1로 33,36.9973401,127.1222529
시립효성해링턴2단지어린이집,경기도 평택시 소사3로 22 관리동,36.9878033,127.1291729
동산천사 어린이집,경기도 평택시 문화촌로 33,36.9976996,127.1160865
강현어린이집,경기도 평택시 어인남로 35-4,36.9958096,127.0996232
꿈꾸는숲어린이집,경기도 평택시 중앙로 301 문화아파트 관리동2층 (비전동),36.9915018,127.1160050
레이크푸르지오어린이집,경기도 평택시 용죽1로 13 관리동어린이집,36.9972204,127.1196682
성혜몬테소리어린이집,경기도 평택시 신한1길 18 (비전동),36.9922757,127.1052007
야호 어린이집,경기도 평택시 신한4길 26-1 (비전동),36.9929217,127.1060473
은새 어린이집,경기도 평택시 중앙로 109 (비전동),36.9935535,127.0952550
인재어린이집,경기도 평택시 소사2길 9 SK뷰 아파트 단지내 관리동 (소사동),36.9895607,127.1239872
한별어린이집,경기도 평택시 어인남로 21 (비전동),36.9948333,127.0984055
효원어린이집,경기도 평택시 용죽5길 44,36.9938230,127.1281385
둘리어린이집,"경기도 평택시 원평로25번길 63 108동 103호(군문동, 주공아파트)",36.9863085,127.0820412
사랑나무어린이집,경기도 평택시 청북읍 청북남로 277 부영2차아파트 208동 101호,37.0176949,126.9137625
아이생각어린이집,경기도 평택시 청북읍 안청로1길 12 부영1차아파트 117동101호,37.0160539,126.9143937
애플키즈어린이집,경기도 평택시 청북읍 안청로1길 91 대우이안아파트 109-104,37.0197753,126.9089527
해맑은어린이집,경기도 평택시 청북읍 안청로4길 51 한양수자인아파트 906동101호,37.0234543,126.9219357
행복나라어린이집,경기도 평택시 청북읍 안청로1길 75 103동 103호(유승한내들아파트),37.0187072,126.9096484
리틀꼬망세어린이집,경기도 평택시 통복시장로47번길 6 (통복동),36.9995326,127.0853255
시립팽성남산어린이집,경기도 평택시 팽성읍 팽성남산4길 6,36.9576621,127.0595588
꿈바라기어린이집,경기도 평택시 팽성읍 안정로 121,36.9653045,127.0545355
브라운스톤어린이집,경기도 평택시 팽성읍 신흥북로49번길 27,36.9654234,127.0487791
알콩달콩 어린이집,경기도 평택시 팽성읍 안정순환로287번길 43 102호,36.9599208,127.0542542
우수 어린이집,경기도 평택시 팽성읍 안정로 57,36.9613316,127.0495112
천사몬테소리어린이집,경기도 평택시  팽성읍 팽성대교길 98-5,36.9710897,127.0412912
하늘어린이집,경기도 평택시 팽성읍 팽성북로 184-5,36.9785785,127.0538459
꿈동이 어린이집,"경기도 평택시 팽성읍 송화택지로 38 103동 104호(, 현대홈타운)",36.9618294,127.0552950
대원베베어린이집,"경기도 평택시 팽성읍 부용로 36 103동 106호(송화리, 대원)",36.9636500,127.0601166
하늘사랑어린이집,경기도 평택시 부용로 81-1,36.9669333,127.0636324
쁘띠키즈어린이집,경기도 평택시 조개터로26번길 21-4,36.9893317,127.1035756
시립센트럴자이1단지어린이집,경기도 평택시 상서재로5길 15,37.0167736,127.0993367
시립자이나린어린이집,경기도 평택시 상서재로 80 센트럴자이5단지아파트 관리동,37.0203602,127.1036478
센트럴자이4단지어린이집,경기도 평택시 상서재로 50 센트럴자이4단지 관리동 어린이집,37.0191040,127.1020214
엄지어린이집,경기도 평택시 조개터로6번길 41-9,36.9874513,127.1033537
키움어린이집,경기도 평택시 조개터로42번길 30-6 770동 1호(합정동),36.9904020,127.1041818
하랑어린이집,경기도 평택시 조개터로37번길 20 (합정동),36.9909214,127.1015050
시립굿모닝힐맘시티2단지어린이집,경기도 평택시 신촌3로 12,37.0271981,127.1063071
아이맘어린이집,"경기도 평택시 참이슬길 13 110동 101호(합정동, 참이슬아파트)",36.9900233,127.1186129
굿모닝직장어린이집,"경기도 평택시 참이슬길 13 103동 102호(합정동, 참이슬아파트)",36.9900233,127.1186129
가온어린이집,경기도 평택시 안중읍 대반길 160,36.9808359,126.9496545
경기엘림어린이집,경기도 평택시 안중읍 강변로 150-7,36.9802285,126.9453916
맑고고운어린이집,경기도 평택시 안중읍 안현로서5길 13,36.9851264,126.9286719
밀알어린이집,경기도 평택시 안중읍 대반길 40-27,36.9923706,126.9461562
아이세상어린이집,경기도 평택시 안중읍 안중로114번길 21,36.9867869,126.9285633
안중이솝어린이집,경기도 평택시 안중북로 16,36.9921791,126.9268634
이데아키즈어린이집,경기도 평택시 안중읍 안중로8번길 39,36.9827842,126.9275871
정다운어린이집,경기도 평택시 안중읍 안현로서6길 61,36.9840136,126.9222012
지엔키즈어린이집,경기도 평택시 안중읍 송담1로 85 지엔하임1차아파트 관리동 어린이집,36.9785586,126.9294733
화평어린이집,경기도 평택시 안현로서7길 45 서광미소마을아파트 주민복지관1층,36.9808646,126.9226211
누리보듬어린이집,경기도 평택시 안중읍 한촌길27번길 13 1층,36.9903274,126.9083442
봄빛정원어린이집,경기도 평택시 안중읍 현화중앙길 103 현대3차아파트 101동 102호,36.9877789,126.9198407
새단비어린이집,경기도 평택시 안중읍 송담1로 85 지엔하임아파트 108-101,36.9785586,126.9294733
아기둥지어린이집,경기도 평택시 안중읍 안현로서7길 45 서광아파트 106동 101호,36.9808646,126.9226211
우리어린이집,경기도 평택시 안중읍 안현로서6길 105 현대1차아파트 202동 104호,36.9839209,126.9178738
이화뜰어린이집,경기도 평택시 안중읍 안현로서9길 164-9 108동 101호,36.9879068,126.9181486
천사어린이집,경기도 평택시 안중읍 안현로서7길 9 동신2차아파트 203동 104호,36.9806674,126.9253610
동화어린이집,경기도 평택시 안중읍 덕우로 84-4,36.9973017,126.9294633
느티나무어린이집,경기도 평택시 오성면 양교4길 28-5,37.0207076,126.9658571
시립이편한2단지어린이집,경기도 평택시 신흥1로 43,37.0033349,127.1469839
다우리어린이집,경기도 평택시 구룡길 61-14,37.0001061,127.1395489
부영나래어린이집,경기도 평택시 청북읍 안청로1길 12 부영 1차 아파트 118동 104호,37.0160539,126.9143937
시립평택항어린이집,경기도 평택시 포승읍 평택항만길 75-32 시립평택항어린이집,36.9563989,126.8498179
포승시립어린이집,경기도 평택시 포승읍 포승원정길 29,36.9949395,126.8413113
내기어린이집,경기도 평택시 포승읍 내기새싹길 19,36.9788441,126.8742109
지구촌어린이집,경기도 평택시 포승읍 포승원정5길 48,36.9965754,126.8398573
초록별어린이집,경기도 평택시 포승읍 운정길 18,36.9852193,126.8913516
도담어린이집,경기도 평택시 포승읍 여술로43번길 18 201동 106호 (삼부르네상스2차아파트),36.9907749,126.8475483
성균관어린이집,경기도 평택시 포승읍 승학동길 25 202동 103호 (명지2차아파트),36.9777530,126.8779540
한국가스공사늘푸른어린이집,경기도 평택시 포승읍 서동대로 1297-19,36.9905742,126.8969273
한국서부발전(주) 반딧불 어린이집,경기도 평택시 포승읍 서동대로 1297-19,36.9905742,126.8969273
시립현덕어린이집,경기도 평택시 현덕면 인광3길 12-18,36.9660891,126.9218442
크니크니어린이집,"경기도 평택시 원평로25번길 61 215동 104호(군문동, 군문주공2단지)",36.9870175,127.0844064
시립이충어린이집,경기도 평택시 이충로35번길 51 (이충동),37.0573662,127.0672025
기쁜어린이집,경기도 평택시 정암로 164 (이충동),37.0564183,127.0721985
동화속어린이집,경기도 평택시 송탄로 90,37.0531371,127.0572576
보라어린이집,경기도 평택시 정암로54번길 71 (이충동),37.0545353,127.0566327
위즈아이어린이집,경기도 평택시 송탄로 170 롯데캐슬아파트 관리동1층 (서정동),37.0594580,127.0594782
이충피터팬어린이집,경기도 평택시 동령길 33 (이충동),37.0627232,127.0746746
코지어린이집,경기도 평택시 탄현로1번길 31,37.0526829,127.0544906
희소어린이집,경기도 평택시 동령길 17,37.0616777,127.0732227
뜨란채어린이집,"경기도 평택시 이충로35번길 19 205동 103호(이충동, 정암마을주공뜨란채2단지아파트)",37.0585534,127.0673729
방정환어린이집,"경기도 평택시 경기대로 1166 103동 101호(장당동, 우미이노스빌1차)",37.0504506,127.0611272
신나는어린이집,"경기도 평택시 송탄로 90 106동 101호(이충동, 현대아파트)",37.0531371,127.0572576
아이마당어린이집,"경기도 평택시 송탄로40번길 46 102동 101호(장당동, 한국아델리움)",37.0506833,127.0590165
이편한세상어린이집,"경기도 평택시 이충로 49-13 104동 102호(이충동, E-편한세상)",37.0605493,127.0676827
아이랑어린이집,경기도 평택시 탄현로1번길 50 (장당동),37.0519786,127.0536974
풍경가온어린이집,"경기도 평택시 경기대로 1155 (중앙동,제일하이빌 1단지 보육시설)",37.0490263,127.0587618
현대아이랑어린이집,"경기도 평택시 송탄로 90 102동 102호(이충동, 현대아파트)",37.0531371,127.0572576
시립영아전담지산어린이집,경기도 평택시 송탄로 342-12,37.0743934,127.0597903
남부전원어린이집,경기도 평택시 삼남로 530 (지산동),37.0719274,127.0906357
송탄윤서어린이집,경기도 평택시 우곡길 79-5,37.0775489,127.0796296
굿모닝어린이집,"경기도 평택시 송탄공원로 145 102동 110호(지산동, 미주2차아파트)",37.0792134,127.0643482
꼬마요정어린이집,"경기도 평택시 송탄공원로 146 103동 103호(지산동, 아주)",37.0777588,127.0648393
시립더샵센트럴사랑어린이집,경기도 평택시 지제동삭1로 163 관리동,37.0216886,127.0898780
키디피아어린이집,경기도 평택시 동삭로 397 삼익사이버아파트 관리동 2층 (동삭동),37.0215661,127.0971410
푸른어린이집,경기도 평택시 동삭로 386 (동삭동),37.0192112,127.0982439
꼬마숲어린이집,"경기도 평택시 동삭로 386 102동 106호(동삭동,현대아파트)",37.0192112,127.0982439
늘품어린이집,"경기도 평택시 상서재로 55 302동 102호(동삭동, 평택센트럴자이 3단지)",37.0214999,127.1006734
동삭사무엘어린이집,"경기도 평택시 동삭로 386 102동 102호(동삭동, 현대아파트)",37.0192112,127.0982439
삼익아이숲어린이집,"경기도 평택시 동삭로 397 106동 102호(동삭동, 삼익사이버아파트)",37.0215661,127.0971410
자이푸른어린이집,"경기도 평택시 서재로 36 108동 101호(동삭동, 서재자이아파트)",37.0111800,127.1016906
시립가내마을5단지어린이집,경기도 평택시 비전2로 320 관리동,37.0103173,127.1136748
시립배꽃마을어린이집,"경기도 평택시 비전2로 110 관리동 (비전동, 소사벌LH배꽃마을4단지아파트)",37.0022253,127.1014273
시립비전어린이집,경기도 평택시 성동로11번길 2 (비전동),36.9952376,127.0923019
시립우미린레이크어린이집,경기도 평택시 죽백4로 40,37.0039698,127.1245466
대한어린이집,경기도 평택시 만세로 1720-10,37.0137163,127.1110429
더샵 행복한어린이집,"경기도 평택시 죽백4로 16 관리동(죽백동, 소사벌더샵마스터뷰아파트)",37.0016641,127.1249822
뜨레어린이집,경기도 평택시 비전4로 175 뜨레휴 이곡마을 7단지 아파트 관리동 어린이집,37.0093155,127.1044403
라움어린이집,경기도 평택시 동삭로 387-10,37.0208562,127.0957551
리더스하임어린이집,경기도 평택시 비전3로 59,37.0056637,127.1064007
방글방글어린이집,"경기도 평택시 평남로 962 관리동 (비전동, 이곡마을6단지)",37.0071485,127.1048262
비전휴먼시아어린이집,"경기도 평택시 경기대로 506 108동 101호(비전동, 휴먼시아1단지아파트)",37.0036014,127.0945632
솔숲어린이집,경기도 평택시 비전2로 317 반도유보라2차 관리동,37.0101740,127.1113449
엔젤어린이집,"경기도 평택시 비전2로 70 , 관리동(비전동,엘에이치이곡마을3단지아파트)",37.0032323,127.0978509
예림어린이집,경기도 평택시 만세로 1627-46 (동삭동),37.0199303,127.1226206
평택하람어린이집,경기도 평택시 죽백9길 25,37.0059191,127.1200745
한솔 어린이집,경기도 평택시 만세로 1690-1,37.0158741,127.1137452
호반베르디움어린이집,"경기도 평택시 비전3로 116 관리동(죽백동, 호반베르디움아파트)",37.0061997,127.1126530
고은어린이집,경기도 평택시 평택5로 271 롯데캐슬아파트 104동 101호,36.9989184,127.0954029
꼬마대통령어린이집,"경기도 평택시 평택5로 254 107동 106호(비전동, 한성아파트)",37.0003584,127.0982040
바다 어린이집,"경기도 평택시 죽백4로 16 102동 103호(죽백동, 더샵마스터뷰아파트)",37.0016641,127.1249822
소꿉놀이어린이집,"경기도 평택시 비전3로 59 810동 102호(비전동,엘에이치리더스하임아파트)",37.0056637,127.1064007
유보라키즈어린이집,경기도 평택시 비전2로 297 반도유보라 아이파크 104동 104호,37.0084575,127.1135559
해돋이어린이집,경기도 평택시 관동길 39 (월곡동),37.0229941,127.1311030
