,사업장명,주소,위도,경도
1,카페보스 평택모곡점,경기도 평택시 모곡동 442-7 ,37.0364813,127.0768478
2,탑브릭스 평택서정점,경기도 평택시 서정동 1103-2 외1필지(1103-1) ,37.0650918,127.0660292
7,뮤게(Muguet),경기도 평택시 이충동 611-1 중앙 프라자 1층 101호,37.0517972,127.0563018
10,카페오아이오(O-I-O),경기도 평택시 신장동 263-160 1층 일부 ,37.0756310,127.0534953
13,아이캔커피 용이직영점,경기도 평택시 용이동 464-1 ,36.9951214,127.1382010
14,텍사스파파크레페(평택역점),경기도 평택시 평택동 65-15 ,36.9932064,127.0866628
25,오감가루는아이,경기도 평택시 세교동 625-1 ,37.0062640,127.0859070
28,감성커피(도곡초등학교점),경기도 평택시 포승읍 도곡리 1152-13 1동 1층 ,36.9882009,126.8474702
30,카페가재,경기도 평택시 가재동 141-1 외1필지 상가1동 1층 ,37.0388331,127.0856341
31,메가엠지씨커피 평택비전고사거리점,경기도 평택시 비전동 1027-3 골든프라자 ,37.0024544,127.1047611
32,마실커피 평택센트럴자이점,경기도 평택시 동삭동 835 평택센트럴자이 1단지 ,37.0169890,127.0990884
37,스트릿츄러스 평택고덕로데오점,경기도 평택시 고덕동 1887-1 삼성메디컬타워 제1동 1층 108호,37.0573231,127.0474379
39,천씨씨커피 평택포승점,"경기도 평택시 포승읍 만호리 574-7 더스위트하버 101,1호",36.9760602,126.8435386
40,아티블랑(안중농협하나로마트점),경기도 평택시 안중읍 송담리 857-1 안중농협 종합시설 1층 ,36.9764635,126.9254247
41,카페콩이,경기도 평택시 서탄면 내천리 248 ,37.1223308,127.0086210
42,어바웃유(ABOUT U),경기도 평택시 고덕동 2574-2 The Castle 1층 ,37.0411106,127.0383688
43,폰설팅,경기도 평택시 지산동 764-6 ,37.0805256,127.0561640
47,나무늘보,경기도 평택시 고덕면 방축리 390 ,37.0227502,127.0420213
48,하비스트카페,경기도 평택시 합정동 736-3 ,36.9917164,127.0933026
50,(y'aya)야야,경기도 평택시 평택동 33-12 ,36.9939349,127.0896115
53,빽다방평택고덕국제신도시점,경기도 평택시 고덕동 2647-1 ,37.0383654,127.0312443
55,메가엠지씨커피 평택안중송담점,경기도 평택시 안중읍 송담리 837-6 1층 ,36.9799606,126.9286629
58,비엣남커피(VIETNAM COFFEE),경기도 평택시 신장동 310-3 외1필지(310-10) ,37.0823749,127.0510007
59,각각,경기도 평택시 고덕면 해창리 1277-1 고덕STV지식산업센터 지1층 상가B118호 ,37.0265438,127.0157455
60,포롱포롱커피,경기도 평택시 이충동 452-7 믿음빌딩 1층 ,37.0572038,127.0582315
65,바이비 커피랩 (byB coffee lab),경기도 평택시 월곡동 212-3 ,37.0224449,127.1382854
71,더벤티 평택이충점,경기도 평택시 이충동 664-8 이충센타프라자 1층 112호,37.0603363,127.0664535
76,토프레소 조개터점,경기도 평택시 합정동 896-9 ,36.9901370,127.1031771
84,윈머영어북카페(Winmer English book cafe),경기도 평택시 고덕동 1886-2 서정타워Ⅰ 2층 212호,37.0565796,127.0478173
90,메가엠지씨커피 고덕스카이시티점,"경기도 평택시 고덕동 2613-2 고덕시티스퀘어 1층 110,111호 ",37.0452026,127.0407372
91,카페1992,경기도 평택시 지산동 807-1 1층 ,37.0794567,127.0569844
92,기디(Giddy),경기도 평택시 서정동 839-3 대한예수교장로회 송탄열방교회 1층 ,37.0663561,127.0590465
96,온통푸릇,경기도 평택시 청북읍 옥길리 1158-3 에이스 플라자(ACE PLAZA) 제1동 113호 ,37.0186884,126.9155040
97,소시지클럽(sausage club),경기도 평택시 도일동 36-6 ,37.0590952,127.1257225
99,카페가와사키,경기도 평택시 안중읍 송담리 356 2동 1층 ,36.9795656,126.9352779
102,다리 샌드위치&커피,경기도 평택시 고덕동 2045-2 에이스 S-TOWER 지식산업센터 ,37.0440035,127.0558889
104,카페브리진(Breezin),경기도 평택시 지산동 716-4 외1필지(777-4) ,37.0793981,127.0589527
108,빽다방평택고덕SBC점,경기도 평택시 고덕동 2045-3 ,37.0436829,127.0549141
115,폴바셋 삼성전자 평택캠퍼스점,경기도 평택시 고덕동 1695 외1필지(1698-1) 기술2동 1층 ,37.0347238,127.0601098
118,스타벅스 평택고덕에듀타운점,"경기도 평택시 고덕동 2696-3 LS메디컬빌딩 제1동 1층 102,103,104,105,108,109호 ",37.0364360,127.0274179
120,길섶cafe,경기도 평택시 도일동 100 ,37.0568310,127.1198920
126,스타벅스 평택팽성DT점,경기도 평택시 팽성읍 남산리 466 ,36.9549225,127.0598126
130,메가엠지씨커피 평택더퍼스트점,경기도 평택시 서정동 780 ,37.0703640,127.0616782
138,메가엠지씨커피 평택소사효성해링턴점,경기도 평택시 소사동 673-5 ,36.9909292,127.1268208
147,우리집반찬앤김밥,경기도 평택시 서정동 908 ,37.0621612,127.0585053
148,신평지역관리협동조합,경기도 평택시 합정동 729-11 ,36.9926584,127.0921214
150,아임국민커피,경기도 평택시 고덕동 1887-3 고덕로자벨1 1동 1층 115호,37.0573263,127.0482411
152,삼성웰스토리(주)코스맥스평택2카페,경기도 평택시 청북읍 고렴리 1119 코스맥스(주) 주건축물제1동 1층 ,37.0577185,126.9365294
155,카페 더 프레즌트(Cafe The Present),경기도 평택시 비전동 883-10 ,36.9929287,127.1175459
157,방축리카페,경기도 평택시 고덕면 방축리 401 1층 ,37.0222545,127.0414778
158,메가엠지씨커피 평택고덕파라곤에듀점,경기도 평택시 고덕동 2489-1 고덕 국제신도시 파라곤 에듀포레 ,37.0419544,127.0251227
161,카페1988,경기도 평택시 안중읍 안중리 292-31 1층 ,36.9893345,126.9307509
164,휘겔리움,경기도 평택시 월곡동 471-16 ,37.0286821,127.1393176
172,그래비티 지제역점,경기도 평택시 동삭동 0 더온2 ,,
174,엘가의 오후,경기도 평택시 군문동 358 ,36.9880150,127.0864319
175,카페몽상,경기도 평택시 도일동 240-4 ,37.0526227,127.1110832
177,액션커피앤브런치,경기도 평택시 현덕면 권관리 695-9 1층 ,36.9238757,126.9128091
182,그래비티 서정점,경기도 평택시 이충동 436-5 ,37.0575256,127.0611443
183,빙고디저트&커피,경기도 평택시 고덕동 2048-3 삼성에이아이센터 1동 111호,37.0457054,127.0536207
184,커피타이저,경기도 평택시 평택동 70-1 ,36.9945301,127.0854858
185,호떡집,경기도 평택시 서정동 846-4 ,37.0666254,127.0614138
187,궁(리에있는)댕(카페),경기도 평택시 고덕면 궁리 72-11 1동 1층 ,37.0180682,127.0343231
189,카페미소,경기도 평택시 안중읍 송담리 825-1 1층 ,36.9826905,126.9291103
191,이플당,경기도 평택시 서정동 775-14 1층 ,37.0715047,127.0642686
201,투썸플레이스 평택서해회관점,경기도 평택시 포승읍 원정리 1302 서해회관 1층 ,36.9925285,126.8260539
202,카페 호록코록(horok korok),경기도 평택시 용이동 473-4 ,37.0005279,127.1454649
204,메가엠지씨커피 평택고덕하늘채점,경기도 평택시 고덕면 궁리 523 고덕하늘채 시그니처 비동 1층 108호 ,37.0201237,127.0345312
206,엔조이유어피크닉커피(enjoy your picnic coffee),경기도 평택시 고덕동 2085-3 제1동 1층 ,37.0412672,127.0523460
208,슬로우타임,경기도 평택시 청북읍 후사리 389-6 ,37.0229455,126.9423667
214,카페하우스,경기도 평택시 서정동 49 제1동 1층 ,37.0729446,127.0581821
217,디스트릭트1979,경기도 평택시 청북읍 고렴리 663-9 ,37.0625061,126.9183646
218,빽다방 송탄출장소점,경기도 평택시 서정동 816-11 1층 ,37.0673402,127.0631175
219,위시빌리,경기도 평택시 도일동 4-1 ,37.0592911,127.1247876
221,봄밀,경기도 평택시 청북읍 옥길리 1277-7 ,37.0179718,126.9193249
227,형제상회,"경기도 평택시 서정동 317-27 317-28, 317-49, 317-51, 317-58, 1층 ",37.0574324,127.0542779
233,메가엠지씨커피 평택지제퍼스티움점,경기도 평택시 동삭동 593-1 힐스테이트 지제역 퍼스티움 ,37.0184424,127.0842816
236,오크(OAK)베이커리카페,"경기도 평택시 고덕동 1983-5 고덕리치타워2 1층 107,108호 ",37.0456044,127.0448625
240,하이오커피 고덕에듀타운점,경기도 평택시 고덕동 2696-2 DS에듀타워 1동 1층 109호,37.0366105,127.0276683
243,메가엠지씨커피 평택세무서점,경기도 평택시 죽백동 770-1 ,37.0038630,127.1183600
245,린넨스토리,경기도 평택시 안중읍 송담리 827-2 ,36.9817436,126.9308287
246,해와달,경기도 평택시 현덕면 신왕리 413 제2동 1층 ,36.9352639,126.9596828
251,써니데이,경기도 평택시 세교동 557 부영원앙아파트 ,37.0035238,127.0816577
255,우지커피 평택오성점,경기도 평택시 오성면 숙성리 186-9 ,37.0078479,126.9840869
256,퍼스트커피,경기도 평택시 고덕동 2048-2 ,37.0457133,127.0530162
257,위아밀 1호,경기도 평택시 합정동 755-10 ,36.9912369,127.0976603
258,위아밀 2호,경기도 평택시 합정동 755-10 ,36.9912369,127.0976603
262,시에스타(SIESTA),경기도 평택시 안중읍 현화리 540-6 ,36.9860995,126.9158309
265,우지커피 평택진위점,"경기도 평택시 진위면 가곡리 377 외 1필지(376-1), 2동 1층 ",37.1176470,127.0728781
267,송카페&데일리(Song Cafe&Deli),"경기도 평택시 신장동 300-46 외 1필지(300-47), 제2호 1층 ",37.0797596,127.0513541
272,카페큐(Q),경기도 평택시 고덕동 2175-8 1동 1층 ,37.0400842,127.0481077
276,카페캔버스(cafe canbus),경기도 평택시 고덕동 2155 고덕 헤리움 시그니어 1층 122호,37.0412185,127.0511745
279,퐁치커피 평택청북점,경기도 평택시 청북읍 옥길리 1071 브라운스톤청북 ,37.0203861,126.9059856
280,평택커피 임광선(월곡점),경기도 평택시 월곡동 382-6 ,37.0185778,127.1306746
281,빽다방 평택안정점,경기도 평택시 팽성읍 안정리 148-18 ,36.9610100,127.0463913
285,샬롬인더카페,경기도 평택시 서정동 801-19 ,37.0650783,127.0644391
286,메가엠지씨커피 평택고덕에듀스카이점,"경기도 평택시 고덕동 2708-2 외 1필지(2708-3), 에듀스카이 107호 ",37.0361866,127.0281426
292,메가엠지씨커피 평택법원점,경기도 평택시 동삭동 692-11 ,37.0094771,127.0960569
294,러브크레페,경기도 평택시 청북읍 어연리 232-3 1층 ,37.0500114,126.9769478
295,올웨이즈 커피 앤 베이커리(always coffee&bakery),경기도 평택시 팽성읍 안정리 41-66 ,36.9624571,127.0481833
297,타래커피 평택고덕점,경기도 평택시 고덕동 2155 ,37.0412185,127.0511745
302,레인바우(rainbau) 평택점,경기도 평택시 안중읍 학현리 464 ,36.9916046,126.9217237
305,뭉크커피&수제디저트,경기도 평택시 청북읍 옥길리 1137 평택청북 이지더원 근린생활시설 101호,37.0223868,126.9169850
306,슬로우사이드(SLOW SIDE),경기도 평택시 비전동 854-7 ,36.9910461,127.1089400
307,브라운랩(BROWNLAB),경기도 평택시 서정동 843-8 ,37.0659934,127.0613874
308,연화,경기도 평택시 고덕동 2233-2 JTOPIA2 1동 1층 102호,37.0383996,127.0439737
313,오당달,경기도 평택시 비전동 1104 ,36.9991678,127.1125291
314,더벤티,경기도 평택시 안중읍 현화리 831 붐붐프라자 112호,36.9789933,126.9191019
322,도피오 DOPPIO,경기도 평택시 세교동 566-8 ,36.9994981,127.0802826
330,숲속앤독,경기도 평택시 소사동 675-2 ,36.9915131,127.1271797
331,메가엠지씨커피 고덕금호어울림점,경기도 평택시 고덕동 0 고덕국제신도시 금호어울림 ,,
332,쉬즈베이글커피(She's bagel coffee),경기도 평택시 고덕동 1693-453 에듀스카이 제1동 1층 116호 ,37.0364847,127.0280744
336,레드카페,경기도 평택시 용이동 581 평택용이금호어울림 1단지 119호,37.0015751,127.1307921
342,카페나무(Cafe Namu),"경기도 평택시 장당동 1-7 1-20, 636-2, A동 1층 ",37.0527851,127.0640218
351,카페모닝스타(cafe morning star),경기도 평택시 칠원동 367-4 ,37.0246843,127.1082235
353,오마이차일드후드(Oh My Childhood),경기도 평택시 평택동 60-5 ,36.9933987,127.0858082
358,램스카페,경기도 평택시 안중읍 안중리 213 1층 ,36.9899571,126.9341970
361,폴바셋 평택소사DT점,경기도 평택시 소사동 674-1 ,36.9918441,127.1267935
362,카페437,경기도 평택시 포승읍 신영리 936-8 평택해양경찰서 본관 1층 ,36.9368315,126.8835341
363,미원갤러리카페,경기도 평택시 안중읍 안중리 262-3 1층 ,36.9871925,126.9268564
366,카페인중독 포승점,경기도 평택시 포승읍 도곡리 1121-6 ,36.9881813,126.8445782
370,더(The) 대단한 탕후루/커피(평택현촌점),경기도 평택시 용이동 594-4 ,36.9996690,127.1330157
378,한잔,경기도 평택시 신장동 243-3 평택 송탄역 클래시아 1층 104호 ,37.0760073,127.0549953
380,카페봄날,경기도 평택시 이충동 607 평택장당5차우미이노스빌 상가동 1층 104호,37.0538245,127.0612981
381,아이오(aio),경기도 평택시 안중읍 송담리 843-7 ,36.9793217,126.9270946
383,컴포즈커피 평택고덕국제도시점,경기도 평택시 고덕동 2516-1 ,37.0387946,127.0307645
384,투썸플레이스 고덕CN스퀘어점,경기도 평택시 고덕동 2164-1 고덕CN스퀘어 ,37.0395008,127.0485814
385,베이커리카페 코드비(CODEB),경기도 평택시 진위면 봉남리 26-8 ,37.1015863,127.1008900
386,로또명당,경기도 평택시 도일동 987 1동 1층 ,37.0434706,127.0999906
389,포포베이크샵(POPO BAKE SHOP),경기도 평택시 비전동 873-5 ,36.9968438,127.1145192
395,카페모이라이50(CAFE MOIRAI 50),경기도 평택시 고덕동 1907-1 ,37.0546650,127.0492843
400,빽다방 평택용죽점,경기도 평택시 용이동 685-2 ,36.9936885,127.1255718
404,카페테리아,경기도 평택시 칠괴동 582-1 K.본관동 1층 ,37.0300099,127.0972912
405,자동차카페,경기도 평택시 청북읍 후사리 278-31 1층 ,37.0286592,126.9419792
406,컴포즈커피 평택소사벌중흥점,경기도 평택시 죽백동 721 평택소사벌중흥에스-클래스에코시티 ,37.0085046,127.1101232
415,삼성전자사무복합동카페 (주)메가마트,경기도 평택시 고덕동 1696 주차타워 ,37.0314763,127.0482815
416,사현커피,경기도 평택시 고덕동 2048-2 에이스 퍼스트 고덕 1층 149호,37.0457133,127.0530162
419,꾸요트,경기도 평택시 고덕동 1886-1 그랜드메디컬타워 ,37.0565822,127.0474096
420,컴포즈커피(평택이충점),경기도 평택시 이충동 668-2 보람플러스2 1층 102호,37.0596395,127.0664891
421,파리블랑제리,경기도 평택시 비전동 602-7 ,36.9960818,127.0949606
422,cafe(카페)베델,경기도 평택시 비전동 800 한성아파트 ,37.0003029,127.0986826
424,달달로스터리,경기도 평택시 청북읍 옥길리 1162-1 한남프라자 201호,37.0174778,126.9159279
426,카페 비스위트,경기도 평택시 안중읍 덕우리 398-9 1층 ,37.0151333,126.9168138
427,스타벅스 평택비전DT점,경기도 평택시 비전동 17-1 ,37.0111402,127.1044979
428,커스텀커피 평택안중점,경기도 평택시 안중읍 송담리 849-16 1층 ,36.9778915,126.9259741
429,메가엠지씨커피 평택안중현화점,경기도 평택시 안중읍 현화리 835-1 대일빌딩 ,36.9793817,126.9218208
430,차케,경기도 평택시 안중읍 송담리 826-5 1층 ,36.9822515,126.9299090
434,조마이 과자점,경기도 평택시 용이동 439-3 ,36.9966852,127.1346597
435,메가엠지씨커피(mega mgc coffee) 평택시청점,경기도 평택시 합정동 972-12 ,36.9889623,127.1141871
446,초록미소마을,경기도 평택시 오성면 신리 148-6 2동 ,37.0085635,127.0021380
447,컴포즈커피 평택포승점,경기도 평택시 포승읍 도곡리 1121-10 3호,36.9891931,126.8438610
451,플러스82 평택고덕점,경기도 평택시 고덕동 2655-11 ,37.0380801,127.0319888
452,크로플덕오리아가씨 고덕점,경기도 평택시 고덕동 0 평택고덕 LH 12단지 근린생활시설동 1층 104호 일부 ,,
457,영커피 평택고덕헤리움점,경기도 평택시 고덕동 2226-3 고덕 헤리움 비즈타워 1차 1층 107호,37.0385283,127.0485940
459,cafe다온,경기도 평택시 비전동 1096 ,37.0024656,127.1145975
461,차차커피코 평택소사벌점,경기도 평택시 비전동 1090-1 삼성타워 ,37.0001359,127.1115813
463,웰카페,경기도 평택시 장안동 5-3 한국복지대학교 1동 본관동 1층(5-3외37필지) ,37.0522965,127.0950615
466,욤카페송탄점(YOM CAFE),경기도 평택시 서정동 815-8 1동 1층 ,37.0678765,127.0629256
469,아티제 삼성전자평택캠퍼스 1호점,경기도 평택시 고덕동 1695 사무동-2 1층(1695외1필지(1698-1)) ,37.0347238,127.0601098
470,휘도,경기도 평택시 비전동 1104 1052호,36.9991678,127.1125291
471,스타벅스 평택독곡DT점,"경기도 평택시 독곡동 386-1 1층,2층 ",37.0868433,127.0630813
475,벤티프레소(평택점),경기도 평택시 평택동 297-2 ,36.9908615,127.0879970
476,읍천리382 평택용죽점,경기도 평택시 용이동 682-11 ,36.9929592,127.1262922
482,얌이밀 평택고덕점,경기도 평택시 고덕동 0 평택고덕 LH 12단지 ,,
483,제리 아뜰리에,경기도 평택시 용이동 670-8 ,36.9942788,127.1283928
484,카페호담(CAFE호담),경기도 평택시 독곡동 170-5 1층 ,37.0900310,127.0723883
486,이스턴카페,경기도 평택시 소사동 106-5 ,36.9897814,127.1291209
487,오슬랑평택고덕삼성점,경기도 평택시 고덕동 2164-1 고덕 우석밸리치스퀘어 1층 127호 ,37.0395008,127.0485814
488,다봄 디저트 카페 (Dessert cafe),경기도 평택시 비전동 1090-1 삼성타워 ,37.0001359,127.1115813
489,커피포트,경기도 평택시 포승읍 만호리 576-2 포승 근로자복지회관 ,36.9752472,126.8451310
494,우드진 고덕stv점,경기도 평택시 고덕면 해창리 1277-1 외 1필지(1277-2) 고덕STV지식산업센터 1층 상가 113호 ,37.0265438,127.0157455
495,뉴문(NEW:MOON),경기도 평택시 용이동 739-2 ,37.0022876,127.1460398
496,컴포즈커피평택점촌점,경기도 평택시 서정동 891-1 ,37.0632060,127.0570054
498,커피랩(Koffee Lab),경기도 평택시 용이동 486-10 ,36.9998171,127.1487788
500,카페루이,경기도 평택시 팽성읍 안정리 141-15 ,36.9589437,127.0462832
502,메가엠지씨커피 평택팽성점,경기도 평택시 팽성읍 송화리 780-4 한미빌딩 ,36.9630681,127.0584626
503,올리터카페&디저트 평택안중점,경기도 평택시 안중읍 안중리 466-5 ,36.9839548,126.9321234
504,커피에반하다평택서정점,경기도 평택시 서정동 796-6 1층 ,37.0686690,127.0646314
508,달곰카페,경기도 평택시 고덕동 2175-4 ,37.0404871,127.0476744
509,이마트24고덕초교점,경기도 평택시 고덕동 2498-4 ,37.0415797,127.0280071
513,카페루시에,경기도 평택시 고덕동 2271-6 ,37.0365492,127.0412914
514,고유카페,경기도 평택시 동삭동 852 평택센트럴자이 3단지 342동 42호,37.0209526,127.1005266
515,시온,경기도 평택시 고덕면 방축리 57-16 ,37.0119276,127.0585334
518,스타벅스 평택고덕삼성점,"경기도 평택시 고덕동 1695 외 1필지, 사무동-2 1층 ",37.0347238,127.0601098
519,디저트테이블냠냠 안중점,경기도 평택시 안중읍 송담리 849-9 101호,36.9774761,126.9267450
526,플러스82 평택점,경기도 평택시 비전동 615-9 ,36.9941771,127.0943914
527,와플대학 평택중앙로캠퍼스,경기도 평택시 합정동 672-3 ,36.9934921,127.0935031
536,컴포즈커피평택에이스고덕점,경기도 평택시 고덕동 2048-2 ,37.0457133,127.0530162
537,어울림오성,경기도 평택시 오성면 숙성리 134-10 오성면 행정복지센터 ,37.0072397,126.9801937
538,채널오프(channel off),경기도 평택시 고덕동 2048-3 삼성에이아이센터 주건축물제1동 1층 101호,37.0457054,127.0536207
539,1985커피 평택안중점,경기도 평택시 안중읍 현화리 831 붐붐프라자 105호,36.9789933,126.9191019
543,컴포즈커피 평택안중터미널점,경기도 평택시 안중읍 현화리 837-13 우성프라자 106호,36.9786634,126.9235382
545,카페.뽕구름(cafe.뽕구름),경기도 평택시 비전동 613-5 ,36.9947883,127.0945638
546,바나타이거(BANA TIGER)평택고덕국제신도시점,경기도 평택시 고덕동 2661-1 ,37.0381216,127.0314517
547,문커피,경기도 평택시 지산동 810-14 ,37.0790793,127.0553873
549,미남커피 용죽센터포레점,경기도 평택시 용이동 641 e편한세상 비전 센터포레 ,36.9996202,127.1265294
551,안정리다방,경기도 평택시 팽성읍 안정리 148-7 ,36.9607341,127.0460484
564,더리터 평택고덕삼성점,경기도 평택시 고덕동 2164-3 고덕 헤리움 비즈타워 2차 1층 102호,37.0389429,127.0491774
570,투명공간,경기도 평택시 비전동 762-12 ,36.9917070,127.1037694
571,베러먼데이 평택고덕삼성점,경기도 평택시 고덕동 2224-1 주건축물제1동 1층 103호,37.0383081,127.0473930
575,풀과이슬,경기도 평택시 지산동 1184 1층 ,37.0761032,127.0661612
577,더벤티 평택고덕파라곤점,경기도 평택시 고덕동 1904-2 고덕국제신도시파라곤 지1층 301동 L105호,37.0536942,127.0452835
578,카페 더블유,경기도 평택시 가재동 283-30 ,37.0440332,127.0861484
581,시숲,경기도 평택시 현덕면 신왕리 287-1 ,36.9371087,126.9631743
583,주말공원,경기도 평택시 유천동 472-10 ,36.9712881,127.1102136
587,커피사피엔스 소사벌점,경기도 평택시 비전동 1090-5 골든프라자-7 ,37.0009077,127.1123817
590,미남커피 에듀점,경기도 평택시 고덕동 2647-2 고덕 에듀브릿지타운 주건축물제1동 1층 121호,37.0385195,127.0314705
591,컴포즈커피 평택고덕중앙점,경기도 평택시 고덕동 1977-1 대창P타워 주건축물제1동 1층 109호,37.0473895,127.0448857
594,버블커피 청북점,경기도 평택시 청북읍 옥길리 1141 ,37.0219425,126.9185029
595,139 cake,경기도 평택시 포승읍 도곡리 759-3 102호,36.9860837,126.8668782
604,화이트홀스 커피,경기도 평택시 안중읍 안중리 492-2 ,36.9821646,126.9349407
605,비건 빵빵이네,경기도 평택시 고덕동 2228-1 평택고덕엘에이치17단지 1층 상가동 108호,37.0378383,127.0466754
606,메가엠지씨커피 고덕메디컬센터점,경기도 평택시 고덕동 1975-1 ,37.0479175,127.0449730
608,하이오커피 고덕행복점,경기도 평택시 고덕동 2237-7 ,37.0364491,127.0451186
610,컴온 커피(COME ON COFFEE),경기도 평택시 지제동 825-2 ,37.0180404,127.0600451
611,어디카페,경기도 평택시 오성면 길음리 364-1 ,36.9842114,126.9719332
617,지에스25 서탄미소점,경기도 평택시 서탄면 내천리 640 1층 ,37.1262251,127.0059879
618,말나카페(Marna cafe),경기도 평택시 장안동 435-1 주건축물제1동 1층 ,37.0610289,127.0773189
619,오해피데이(Oh Happy Day),경기도 평택시 안중읍 현화리 831 붐붐프라자 136호,36.9789933,126.9191019
624,하우드(Haud),"경기도 평택시 신장동 274-129 가동 1층,2층 ",37.0795217,127.0529197
626,네쥬,경기도 평택시 고덕동 2582-4 ,37.0410569,127.0394085
628,텐퍼센트커피 평택고덕삼성점,경기도 평택시 고덕동 2226-2 창신베스트 ,37.0388868,127.0482213
629,"카페쉼(cafe shium,)","경기도 평택시 고덕동 2045-3 에스비씨비즈니스센터 1층 114호,115호 114호,호",37.0436829,127.0549141
632,럭키커피,경기도 평택시 신장동 302-173 298-43외1필지(302-173) 2층 ,37.0799219,127.0501295
633,삼성웰스토리(주)원익IPS카페,경기도 평택시 진위면 청호리 332-1 A동 9호,37.1251687,127.0826972
636,기브유케이크(GIVE U CAKE),경기도 평택시 비전동 1091-5 중앙프라자 ,37.0000184,127.1122495
637,벨커피,경기도 평택시 고덕동 1886-3 어반센터프라자 주건축물제1동 1층 113호,37.0565794,127.0482283
638,빽다방 평택동삭대림점,경기도 평택시 동삭동 0 ,,
639,야콩카페,경기도 평택시 신장동 53-7 주건축물제1동 1층 ,37.0895329,127.0525241
640,와이블랙서정역점,경기도 평택시 서정동 427-15 1층 ,37.0576504,127.0536361
641,카페디히,경기도 평택시 고덕동 2664-1 고덕국제신도시 대광로제비앙 THE ART ,37.0364546,127.0328400
642,번잇로스터스,경기도 평택시 고덕동 1894-3 ,37.0577671,127.0454635
643,모리커피 평택고덕점,경기도 평택시 고덕동 2226-2 창신베스트 1층 104호,37.0388868,127.0482213
644,빽다방평택고덕로데오점,경기도 평택시 고덕동 1887-2 고덕로자벨2 주건축물제1동 121호,37.0573266,127.0478386
649,컴포즈커피평택고덕로데오점,경기도 평택시 고덕동 1886-1 그랜드메디컬타워 101호,37.0565822,127.0474096
655,참붕어,경기도 평택시 서정동 788 현대종합상가 ,37.0702474,127.0572046
656,요거트월드평택고덕점,경기도 평택시 고덕동 2161-1 SM타워 111호,37.0397116,127.0491782
658,텐퍼센트커피고덕에스타워점,경기도 평택시 고덕면 해창리 1272-3 ,37.0281477,127.0166418
659,투머치커피(Toomuchcoffee),경기도 평택시 고덕면 여염리 37-1 1층 ,37.0243787,127.0537684
669,더벤티 평택청북점,경기도 평택시 청북읍 옥길리 1159-2 ,37.0182696,126.9164618
670,셀렉토커피고덕원희캐슬점,"경기도 평택시 고덕동 2045-1 원희캐슬고덕 지식산업센터 1층, 122호 ",37.0443701,127.0553959
671,메가엠지씨커피평택고덕국제신도시점,경기도 평택시 고덕동 2658-6 1층 ,37.0379217,127.0337744
672,반달커피 평택비전점,경기도 평택시 비전동 1038 101호,37.0030568,127.1088243
673,힐링카페,경기도 평택시 안중읍 송담리 835-1 ,36.9809411,126.9288826
675,커피이야기,경기도 평택시 평택동 59-13 ,36.9935006,127.0848809
677,하삼동,경기도 평택시 비전동 1012-2 우성메디피아 ,37.0046414,127.1041654
678,카페인중독 평택동삭점,경기도 평택시 동삭동 384-18 ,37.0183987,127.0942746
679,빽다방 평택동삭센트럴파크점,경기도 평택시 동삭동 384 ,37.0180167,127.0946675
680,퍼핀카페,경기도 평택시 안중읍 송담리 841-11 ,36.9790305,126.9279709
683,메가엠지씨커피 평택고덕로데오점,경기도 평택시 고덕동 1886-2 서정타워1차 1동 101호,37.0565796,127.0478173
684,다인회관,경기도 평택시 합정동 912-7 1층 ,36.9895477,127.1018366
685,공차 평택청북점,경기도 평택시 청북읍 옥길리 1158-1 골드테라스 ,37.0179839,126.9157488
686,투썸 플레이스 평택센트럴자이점,경기도 평택시 동삭동 833-6 ,37.0177731,127.0966434
687,메가엠지씨커피고덕삼성전자사거리점,경기도 평택시 고덕동 2164-3 고덕 헤리움 비즈타워 2차 107호,37.0389429,127.0491774
688,카페오아(cafeOA),"경기도 평택시 고덕면 해창리 1274-3 고덕비즈타워 1층, 119호 ",37.0273002,127.0170691
690,영쓰베이글Young's Bagel,경기도 평택시 비전동 1101-3 104호,37.0001369,127.1156050
693,모두리,경기도 평택시 팽성읍 객사리 145-24 ,36.9653328,127.0568337
695,하하호호,경기도 평택시 지산동 754-22 외1필지(754-31) 1층~2층 ,37.0816082,127.0570615
698,크로플샵,경기도 평택시 고덕면 궁리 75 태평아파트 상가동 109호,37.0165963,127.0337546
702,뚱플,경기도 평택시 신장동 294-1 ,37.0796867,127.0530155
707,아티블랑,경기도 평택시 현덕면 신왕리 302-2 ,36.9363914,126.9620408
708,너티멜로우(NUTTY MELLOW),경기도 평택시 용이동 676-7 ,36.9930523,127.1278509
711,씨드앤너츠평택고덕점,경기도 평택시 고덕동 1887-3 로자벨1차 105호,37.0573263,127.0482411
712,무대소극장,경기도 평택시 신장동 300-53 1층 ,37.0797695,127.0515613
714,컴포즈커피 평택소사벌 상업지구점,경기도 평택시 비전동 1100 미투빌딩 ,37.0001618,127.1140015
715,파티세리쁘제,"경기도 평택시 고덕동 2236-4 2236-5, 1층 ",37.0377273,127.0437182
716,컴포즈커피 평택용죽점,경기도 평택시 용이동 684-1 ,36.9940821,127.1254351
718,제로웨이스트샵1도씨,경기도 평택시 고덕동 1950-1 1층 ,37.0512920,127.0475612
721,카페다올,경기도 평택시 지산동 729-2 1층 ,37.0818774,127.0592377
722,위티,경기도 평택시 고덕동 1936-3 주건축물제1동 102호 102호,37.0532932,127.0487528
725,셀렉토커피평택지제역센트럴시티점,경기도 평택시 지제동 33 지제역 더샵 센트럴시티 ,37.0229866,127.0763383
728,사리당,경기도 평택시 서탄면 사리 781 주건축물제1동 1층 ,37.1173654,127.0483001
729,사리당카페,경기도 평택시 서탄면 사리 781 주건축물제2동 1층 ,37.1173654,127.0483001
731,바로케이크,경기도 평택시 용이동 680-9 ,36.9939192,127.1264854
738,컴포즈커피 평택소사벌점,경기도 평택시 비전동 1012-3 폴리프라자 ,37.0044175,127.1044407
739,컴포즈커피 장당점,경기도 평택시 이충동 612-1 하나타워 1층 ,37.0517098,127.0567799
741,메가엠지씨커피 평택지제점,경기도 평택시 지제동 33 지제역 더샵 센트럴시티 ,37.0229866,127.0763383
742,할리스 평택칠괴점,"경기도 평택시 칠괴동 492 101호, 104호 ",37.0253938,127.0784304
743,카페볕뉘,경기도 평택시 합정동 733-18 ,36.9915982,127.0909882
750,만랩커피 평택포승점,경기도 평택시 포승읍 도곡리 1117-11 105호,36.9898862,126.8414122
751,개냥이마을,경기도 평택시 비전동 1094-1 좋은메디타워 ,37.0019157,127.1137073
755,베러먼데이 동삭더샵점,경기도 평택시 동삭동 산 59-2 ,37.0205242,127.0890410
758,"이레,어뮤져",경기도 평택시 고덕동 1853-4 1층 ,37.0614088,127.0519353
761,커스텀커피평택고덕점,경기도 평택시 고덕동 1928-5 1층 ,37.0535284,127.0497819
762,아비앙또(abientot),경기도 평택시 청북읍 현곡리 255-4 ,37.0407773,126.9402716
763,우주곰커피송탄역점,경기도 평택시 신장동 261 2층 ,37.0742391,127.0535338
769,고품격커피공장,경기도 평택시 고덕동 1886-4 평택고덕 성산타워 1층 106호,37.0565792,127.0486393
770,다소니,경기도 평택시 비전동 1070-4 골든플라자2 ,37.0022175,127.1056508
773,할리스삼성전자평택캠퍼스점,경기도 평택시 고덕면 여염리 1648 복지동 1층 ,37.0373958,127.0518210
774,235커피,경기도 평택시 고덕면 당현리 356-1 푸른숲동산교회 1층 ,37.0672815,127.0317203
776,이디야커피 경기대로점,경기도 평택시 비전동 830-2 패밀리타운 ,36.9950122,127.1127685
777,카페1885,경기도 평택시 청북읍 고렴리 242-1 ,37.0567318,126.9261223
779,팽성벌크커피,경기도 평택시 팽성읍 송화리 774-8 ,36.9636400,127.0571000
780,클라우드커피,경기도 평택시 신장동 302-86 A동 1층 ,37.0805258,127.0499983
783,요커 평택역점,경기도 평택시 평택동 286-1 선호스테이빌 ,36.9935442,127.0907992
784,할리스송탄서정점,경기도 평택시 서정동 814-1 1층 ,37.0674850,127.0637314
785,스타벅스평택이충DT점,"경기도 평택시 이충동 76-3 1층, 2층 ",37.0520693,127.0770156
786,크로앙쥬(팽성점),경기도 평택시 팽성읍 객사리 132-7 ,36.9640676,127.0599162
787,감성커피평택고덕점,경기도 평택시 고덕동 2218-3 1층 102호 ,37.0386765,127.0461057
788,에반스 티하우스,경기도 평택시 안중읍 삼정리 291-43 3동 ,36.9669060,126.9471003
789,컴포즈커피평택고덕센텀프라자점,경기도 평택시 고덕동 2224-2 1층 101호,37.0386385,127.0476531
790,와드커피평택통복시장점,경기도 평택시 통복동 67-2 102호,36.9981585,127.0840606
792,더마인,경기도 평택시 신장동 82-1 1층 ,37.0896888,127.0567677
796,미남커피고덕삼성점,경기도 평택시 고덕동 2164-3 고덕 헤리움 비즈타워 2차 1층 115호 ,37.0389429,127.0491774
801,카페 노들,"경기도 평택시 안중읍 학현리 41-35 1,2층 ",36.9972478,126.9289613
802,미남커피배다리더샵점,경기도 평택시 죽백동 817 소사벌더샵마스터뷰 ,37.0014315,127.1245592
803,아임일리터고덕에스타워점,경기도 평택시 고덕면 해창리 1272-3 에스타워프라임 1층 116호 ,37.0281477,127.0166418
806,투썸플레이스(출장소점),경기도 평택시 서정동 847-4 A동 1층 ,37.0665175,127.0627185
810,힛미업,경기도 평택시 비전동 1056-5 ,37.0037259,127.1129432
813,오빠커피고덕점,경기도 평택시 고덕동 1895-2 고덕국제신도시엘에이치르플로랑 103호 ,37.0561588,127.0455272
815,툰드라커피,경기도 평택시 고덕동 2164-5 고덕 헤리움 비즈타워 3차 1층 108호 ,37.0391338,127.0495305
819,20cm험프리스안정점(Humphrey's안정점),경기도 평택시 팽성읍 안정리 41-211 ,36.9619385,127.0438037
820,쿼드커피&아이엠도넛(평택이충점),경기도 평택시 이충동 609-1 외 1필지(609-2) 금강프라자 113호 ,37.0520462,127.0561967
821,브런코,경기도 평택시 진위면 갈곶리 728-2 스마트큐브지식산업센터 118호,37.1219513,127.0677735
825,카페봄봄장안코오롱하늘채점,경기도 평택시 장안동 619 평택장안마을코오롱하늘채 1층 102호,37.0591088,127.0791805
828,몰릭(Mollick),경기도 평택시 도일동 886-1 1층 ,37.0652835,127.0926880
829,커피상점(안중점),경기도 평택시 안중읍 현화리 311 ,36.9874775,126.9226298
832,빽다방평택현촌점,경기도 평택시 용이동 594-1 ,36.9992162,127.1326820
837,카페루나(cafe Luna),경기도 평택시 용이동 671-8 ,36.9934371,127.1287718
843,소소한그림카페,경기도 평택시 서정동 434-1 ,37.0605761,127.0539081
844,설빙 경기평택포승점,경기도 평택시 포승읍 도곡리 1122-5 201호,36.9867402,126.8455918
845,정정에프앤씨(f&c),경기도 평택시 비전동 982-7 ,37.0062781,127.1021550
847,빽다방 평택시청점,경기도 평택시 비전동 842-1 ,36.9939089,127.1122474
850,벌크커피 평택포승점,경기도 평택시 포승읍 도곡리 1130-10 ,36.9897003,126.8440738
851,감성커피 평택안중점,경기도 평택시 안중읍 안중리 468-4 ,36.9835822,126.9322886
855,카페위드(CAFE WITH),경기도 평택시 고덕면 궁리 206-2 1층 ,37.0182335,127.0336255
856,요거트월드 평택점,경기도 평택시 통복동 80-10 ,36.9980430,127.0882818
857,아임일리터장당점,"경기도 평택시 이충동 609-5 1층,2층 ",37.0520965,127.0570320
860,컴포즈커피평택센트럴자이점,경기도 평택시 동삭동 852 평택센트럴자이 3단지 ,37.0209526,127.1005266
861,세이데어(seithere),경기도 평택시 서정동 349-3 (외3필지) 인슈프라자 1층 ,37.0536863,127.0530895
862,던킨 평택청북점,경기도 평택시 청북읍 옥길리 1157-5 ,37.0196397,126.9159347
863,오렌지가든,"경기도 평택시 고덕동 2048-3 삼성에이아이센터 1층 105호,106호",37.0457054,127.0536207
864,세븐일레븐 주공3단지점,경기도 평택시 합정동 515-14 ,36.9909839,127.0976148
869,감성커피동삭점,경기도 평택시 동삭동 산 61 ,37.0206466,127.0882821
870,가델로 커피 로스터스,경기도 평택시 팽성읍 함정리 145-7 ,36.9515014,127.0164759
871,커피나무숲,"경기도 평택시 고덕면 궁리 346-4 1층,2층 ",37.0147085,127.0193802
872,메가엠지씨커피평택송탄시장점,경기도 평택시 지산동 755-5 1층 ,37.0816616,127.0563384
874,카페소안 문화촌점,경기도 평택시 비전동 873-2 ,36.9969810,127.1144636
875,월수금 평택진위점,"경기도 평택시 진위면 갈곶리 721-3 샹보르타워 진위 1층 114호,115호,116호 ",37.1221314,127.0658481
876,하이오 평택포승점,경기도 평택시 포승읍 도곡리 1122-1 105호,36.9877028,126.8447649
880,공차평택고덕점,경기도 평택시 고덕동 1973-1 우성고덕타워 1층 116호,37.0477878,127.0442096
883,커스텀커피 평택지제점,경기도 평택시 동삭동 산 59-2 ,37.0205242,127.0890410
884,스타벅스 평택이마트점,경기도 평택시 지제동 50 이마트 ,37.0211765,127.0758129
886,아이캔커피 안중점,경기도 평택시 안중읍 현화리 244-5 1층 ,36.9849001,126.9230533
887,하이오커피고덕삼성점,경기도 평택시 고덕동 2161-1 빅토리빌딩 104호 ,37.0397116,127.0491782
888,올리,경기도 평택시 평택동 125-1 ,36.9885015,127.0813586
889,에스다방,경기도 평택시 안중읍 안중리 262-29 코지하우스 ,36.9863957,126.9275437
892,복고다방(소사벌점),경기도 평택시 비전동 1102 에이치탑5 ,36.9996398,127.1156951
894,카페리브어스,경기도 평택시 서탄면 금암리 283-6 1층 ,37.1071927,127.0371066
895,컴포즈커피 평택역로데오점,경기도 평택시 평택동 291-4 ,36.9920075,127.0892690
896,공차 평택포승점,경기도 평택시 포승읍 도곡리 1121-6 ,36.9881813,126.8445782
899,빽다방 평택법원점,경기도 평택시 동삭동 692-11 ,37.0094771,127.0960569
900,정카페(cafe),경기도 평택시 지제동 302-23 ,37.0243626,127.0583200
901,감성커피평택송탄점,경기도 평택시 서정동 822 1층 ,37.0681844,127.0594288
903,킹콩샤워,경기도 평택시 칠괴동 494-5 1층 ,37.0251425,127.0820887
904,카페이고,경기도 평택시 팽성읍 석봉리 167 ,36.9869917,127.0412254
905,599,경기도 평택시 고덕면 당현리 80-9 1층 ,37.0672105,127.0289473
907,무소,경기도 평택시 비전동 477-2 ,36.9994382,127.0935517
909,브런치로사,경기도 평택시 팽성읍 송화리 770-8 송화캐슬 ,36.9626772,127.0555449
910,미소정보통신(카페시고르),경기도 평택시 평택동 69-1 ,36.9949624,127.0856532
912,타임슬라이스,경기도 평택시 합정동 965-3 ,36.9890759,127.1117351
914,더라스트드롭(THE LAST DROP),경기도 평택시 팽성읍 안정리 41-4 ,36.9626465,127.0458438
919,국민커피,경기도 평택시 고덕동 2164-5 고덕 헤리움 비즈타워 3차 1층 107호,37.0391338,127.0495305
920,스타벅스 평택청북DT점,경기도 평택시 청북읍 옥길리 1157-1 ,37.0201664,126.9149856
925,커피해요 평택법원점,경기도 평택시 동삭동 692-4 ,37.0094800,127.0946759
930,클라우드카페인스페이스,경기도 평택시 고덕동 2129-7 1층 ,37.0425174,127.0498183
934,라이스컴퍼니,경기도 평택시 비전동 764 ,36.9915941,127.1052432
936,감성커피 평택지제점,경기도 평택시 지제동 868-3 ,37.0187350,127.0594039
937,십육길(16-Gil),경기도 평택시 고덕동 2109-5 1층 ,37.0441525,127.0515678
938,스타벅스평택고덕점,"경기도 평택시 고덕동 2158-2 고덕지구 VIEW FIVE 오피스텔 1층 107호,108호,108-A호,109호,110호,111-A호 ",37.0401513,127.0509603
941,공차 평택동삭점,경기도 평택시 동삭동 831-3 ,37.0183859,127.0958876
945,미남커피고덕풍경채점,경기도 평택시 고덕동 1899-2 고덕국제신도시 제일풍경채 상가동 117호,37.0534802,127.0421109
950,홍콩다방평택베스트원점,경기도 평택시 장당동 154 평택고덕아이파크 판매시설동 지1층 115호 ,37.0340841,127.0695118
956,스택빈 평택팽성점,경기도 평택시 팽성읍 남산리 104-4 ,36.9637731,127.0628909
957,허니비,경기도 평택시 지제동 892 ,37.0211580,127.0579974
958,카페펀치즈,경기도 평택시 이충동 479-7 주공4단지 103호,37.0543439,127.0571153
960,키코프커피,경기도 평택시 고덕동 2233-6 1층 ,37.0388671,127.0446411
963,밀키 평택PPO점,경기도 평택시 장당동 154 평택고덕아이파크 판매시설동 2층 206호 ,37.0340841,127.0695118
965,커피소셜클럽,경기도 평택시 죽백동 107-1 ,37.0137623,127.1329760
966,히즈윌 북카페,경기도 평택시 비전동 1094-1 좋은메디타워 ,37.0019157,127.1137073
968,제이디베이크샵,경기도 평택시 세교동 564-3 ,36.9992439,127.0813756
970,카페 데 팔레타,경기도 평택시 용이동 674-5 ,36.9947141,127.1277481
979,투썸플레이스 평택PPO점,경기도 평택시 장당동 154 평택고덕아이파크 판매시설동 1층 141호 ,37.0340841,127.0695118
980,커피베이평택프리미엄아울렛점,경기도 평택시 장당동 154 평택고덕아이파크 판매시설동 2층 224호 ,37.0340841,127.0695118
987,베스트원커피 평택PPO점,경기도 평택시 장당동 154-2 평택고덕아이파크 판매시설동 3층 302호,37.0338375,127.0691430
991,빅캐롯,경기도 평택시 팽성읍 원정리 130-94 ,36.9707949,127.0414045
995,블루림,경기도 평택시 죽백동 367-2 ,37.0120068,127.1176434
998,던킨도너츠 평택PPO점,경기도 평택시 장당동 154-2 평택고덕아이파크 판매시설동 1층 142호,37.0338375,127.0691430
999,거성카페,경기도 평택시 지제동 927-2 ,37.0189732,127.0587631
1000,다미(DAAMI),경기도 평택시 합정동 767-8 ,36.9913440,127.1039149
1001,컴포즈커피평택고덕리슈빌점,경기도 평택시 고덕동 1693-654 고덕 국제신도시 리슈빌 레이크 파크 1층 102호,37.0366520,127.0352624
1007,그래비티송탄점,경기도 평택시 지산동 590-1 1층 ,37.0804966,127.0725634
1009,키치크림,경기도 평택시 평택동 55-25 ,36.9908279,127.0870310
1011,카페오일일구,경기도 평택시 진위면 가곡리 400-4 1층 ,37.1166461,127.0722710
1013,빽다방 평택센트럴자이점,경기도 평택시 동삭동 854 평택센트럴자이 4단지 ,37.0190802,127.1021658
1015,346카페하우스,경기도 평택시 청북읍 삼계리 501-1 ,37.0445323,126.9017085
1019,디저트39평택고덕신도시점,경기도 평택시 고덕동 1983-1 리치타워 102호,37.0458534,127.0448645
1026,아이엠피라운지,경기도 평택시 팽성읍 원정리 164-4 ,36.9734852,127.0344264
1027,카페게이트 평택청북점,경기도 평택시 청북읍 옥길리 1158-2 ,37.0182938,126.9156394
1032,위아밀,경기도 평택시 비전동 745-6 ,36.9937826,127.0981147
1034,새자매,경기도 평택시 서정동 297-10 1층 ,37.0587196,127.0561889
1035,샾8694,경기도 평택시 서정동 1106-1 1층 ,37.0644290,127.0667959
1036,케이크하우스,경기도 평택시 통복동 81-4 ,36.9968279,127.0877097
1041,카페용소길49,경기도 평택시 포승읍 석정리 320-3 ,36.9993159,126.8972491
1049,카페일리터 평택점,경기도 평택시 세교동 558 우성꿈그린아파트 ,37.0022838,127.0804944
1058,빵야빵빵평택고덕점,경기도 평택시 고덕면 여염리 4230-2 1층 106호,37.0573266,127.0478386
1060,우주라이크커피(이충점),경기도 평택시 이충동 155-9 외 1필지(155-21) 2층 ,37.0580284,127.0745000
1061,달리는커피 평택포승점,경기도 평택시 포승읍 도곡리 1122-1 ,36.9877028,126.8447649
1062,로드63,경기도 평택시 팽성읍 안정리 82-21 ,36.9676994,127.0409724
1063,카페포렛,경기도 평택시 고덕면 좌교리 0 1층 ,,
1065,하삼동커피평택고덕삼성점,경기도 평택시 고덕동 2164-2 시티오브드림 106호,37.0391631,127.0489320
1066,가유카페평택송탄점,경기도 평택시 서정동 347-15 (외3필지) 미래빌딩 106호 일부 ,37.0543984,127.0551320
1067,컨트리사이드,"경기도 평택시 진위면 야막리 63-8 1,2층 ",37.1222094,127.0607899
1068,멜번커피하우스,경기도 평택시 안중읍 송담리 853-8 ,36.9770423,126.9263823
1069,카페아에 평택점,경기도 평택시 비전동 1100-1 ,37.0004129,127.1140833
1072,카페솔,경기도 평택시 청북읍 옥길리 1123-6 ,37.0155330,126.9108321
1075,젠타카페,경기도 평택시 비전동 762-18 ,36.9918315,127.1031344
1080,스택빈 평택합정점,경기도 평택시 합정동 736-4 ,36.9915513,127.0930767
1082,와이블랙 용이점,경기도 평택시 용이동 739-1 ,37.0022294,127.1457721
1086,케이쿠(keiku),경기도 평택시 합정동 908-6 ,36.9904236,127.1023651
1089,랜덤파라다이스,경기도 평택시 현덕면 권관리 633-9 ,36.9209246,126.9061000
1091,와이에스카페(YS cafe),경기도 평택시 지산동 456-7 1층 ,37.0783768,127.0788391
1094,커방,"경기도 평택시 고덕면 0 고덕국제신도시 Fd-13-15 8, 1층 ",,
1096,크렘오뵈르,경기도 평택시 청북읍 옥길리 1071 브라운스톤청북 상가동 203호,37.0203861,126.9059856
1100,더벤티평택삼성점,경기도 평택시 고덕동 2164-3 고덕 헤리움 비즈타워 2차 101호,37.0389429,127.0491774
1106,무아,경기도 평택시 죽백동 725 가내마을 5단지 ,37.0101839,127.1139434
1108,읍천리382고덕국제도시점,경기도 평택시 고덕면 여염리 4279-10 ,37.0524639,127.0487528
1110,카페새롭,"경기도 평택시 이충동 451-7 외1필지(451-14), 103호 ",37.0569124,127.0589981
1112,스타벅스 평택세교DT점,경기도 평택시 세교동 425 ,37.0074460,127.0786649
1116,하이드밀,경기도 평택시 청북읍 현곡리 368-28 ,37.0492350,126.9317650
1118,모티브커피,경기도 평택시 고덕동 2147-1 1층 ,37.0418349,127.0498562
1120,복지매점,경기도 평택시 칠괴동 580 쌍용자동차 평택공장 복지동 1층 ,37.0318811,127.0921437
1126,복고다방,경기도 평택시 동삭동 0 태하빌딩 ,,
1128,티버즈카페,경기도 평택시 진위면 청호리 342-3 104호 ,37.1233958,127.0829389
1130,해브어쿠키데이(have a cookie day),"경기도 평택시 서정동 867-6 외1필지 867-7, 1층 ",37.0657856,127.0577606
1132,에그마카슈 평택점,경기도 평택시 평택동 289-1 ,36.9927912,127.0892643
1139,숨,경기도 평택시 안중읍 안중리 256-93 ,36.9877841,126.9233831
1140,카페인온다(카페inONDA),경기도 평택시 고덕면 여염리 4388-2 에이스 S-TOWER 지식산업센터 130호,37.0440035,127.0558889
1141,카페에이치(cafe H),경기도 평택시 청북읍 한산리 709-23 ,37.0461433,126.9698885
1145,미남커피서부역점,경기도 평택시 평택동 175-4 ,36.9897951,127.0843073
1147,메고지고 DESSERT 떡 CAFE,경기도 평택시 죽백동 140-10 ,37.0076803,127.1347778
1148,블랙워터,경기도 평택시 비전동 630-1 ,36.9964393,127.0885709
1149,그록로스터즈,경기도 평택시 청북읍 옥길리 1163-2 108호,37.0176640,126.9181430
1150,오뗌므(O.T.M),경기도 평택시 비전동 1102-1 ,36.9993808,127.1157608
1154,디어유,경기도 평택시 포승읍 도곡리 1138-5 필리하우스 ,36.9896175,126.8462503
1155,(카페)cafe1967,경기도 평택시 동삭동 364 더샵지제역센트럴파크1BL아파트 ,37.0207008,127.0903618
1158,봄봄지산점,경기도 평택시 독곡동 485 1층 ,37.0805154,127.0635052
1164,파스쿠찌평택세교DT점,경기도 평택시 세교동 436-1 ,37.0096814,127.0746289
1165,카페천국 송탄점,경기도 평택시 서정동 889-10 1층 ,37.0623278,127.0580145
1166,미남커피 지식산업센터점,경기도 평택시 고덕면 여염리 4391-2 에이스퍼스트 고덕 169호 ,37.0457133,127.0530162
1167,디오네베이커리카페,경기도 평택시 청북읍 현곡리 298-6 ,37.0412021,126.9331567
1168,솔개나루카페,경기도 평택시 포승읍 만호리 589 ,36.9711656,126.8481354
1172,달리는커피여중점,경기도 평택시 비전동 760-1 우리빌딩 ,36.9928850,127.1008562
1174,날쌘카페(고덕신도시점),경기도 평택시 고덕면 여염리 4565-1 고덕CM타워 106호 ,37.0387424,127.0470878
1175,쿡스코리아,경기도 평택시 서정동 900-6 105호,37.0613747,127.0557270
1176,미남커피(동부공원로점),경기도 평택시 비전동 886-10 ,36.9926977,127.1166259
1177,미남커피 평택아너스빌점,경기도 평택시 비전동 835-6 ,36.9934967,127.1116403
1178,카페홀릭,경기도 평택시 장당동 1-20 장당도서관 2층 ,37.0529008,127.0649969
1180,빽다방 평택포승점,경기도 평택시 포승읍 도곡리 1144-5 ,36.9875896,126.8455725
1184,샵롤(S#arp Roll),경기도 평택시 신장동 335-5 1층 ,37.0857388,127.0530176
1188,노아커피,경기도 평택시 오성면 숙성리 145-7 ,37.0079948,126.9821542
1189,송커피숍,경기도 평택시 지제동 897-4 ,37.0204188,127.0570433
1191,미남커피 고덕하늘채점,경기도 평택시 고덕면 궁리 523 고덕하늘채 시그니처 에이동 112호,37.0201237,127.0345312
1192,레종드비브르(Raison de vivre),경기도 평택시 포승읍 원정리 1275 ,36.9953455,126.8349727
1195,아이캔커피 고덕점,경기도 평택시 고덕면 여염리 4295-2 1층 ,37.0509092,127.0477504
1197,사랑커피숍,경기도 평택시 통복동 112-12 ,36.9947103,127.0836017
1201,찐달달,경기도 평택시 동삭동 847-5 ,37.0164771,127.1036501
1203,오오엠커피,경기도 평택시 현덕면 신왕리 309 ,36.9361405,126.9636367
1204,컴포즈커피 평택송탄역점,경기도 평택시 신장동 249-2 201호,37.0747603,127.0552169
1206,그래비티 안중점,경기도 평택시 오성면 당거리 397-3 ,36.9878077,126.9745007
1207,이륜당,경기도 평택시 용이동 473-3 ,37.0004749,127.1452774
1209,스택빈 평택용죽점,경기도 평택시 용이동 683 다연빌딩 ,36.9936983,127.1260904
1212,카페2738,경기도 평택시 서탄면 수월암리 1283-9 2동 1층 ,37.1195190,127.0367732
1213,리벌스(Rebirth),경기도 평택시 고덕면 여염리 4400-1 1층 ,37.0452707,127.0520489
1214,이블럭커피,경기도 평택시 동삭동 372 The Sharp 지제역 센트럴파크 2BL ,37.0189292,127.0921076
1217,루리,경기도 평택시 팽성읍 송화리 24-23 ,36.9633531,127.0537403
1218,요거트아이스크림의정석(송탄점),경기도 평택시 서정동 76-14 가동 1층 ,37.0726335,127.0552837
1219,더리터(THE Liter) 평택고덕점,경기도 평택시 고덕면 여염리 4391-2 에이스 퍼스트 고덕 103호 ,37.0457133,127.0530162
1222,카페봄봄 평택역점,경기도 평택시 평택동 62-7 ,36.9922687,127.0865775
1225,촌구석카페,경기도 평택시 유천동 226 ,36.9755272,127.1182432
1227,더벤티 평택모곡점,경기도 평택시 모곡동 442-3 A동 1층 ,37.0368513,127.0765493
1229,레트커피,경기도 평택시 용이동 449-20 ,36.9970487,127.1388341
1232,텐퍼센트커피 평택고덕점,경기도 평택시 고덕면 여염리 4316-1 우성고덕타워 107호,37.0477878,127.0442096
1234,카페소소한,"경기도 평택시 모곡동 287-12 외 2필지(287-4,288-5) 1동 1층 ",37.0298097,127.0739018
1235,매머드익스프레스 에이스퍼스트고덕점,경기도 평택시 고덕동 2048-2 에이스 퍼스트 고덕 145호 ,37.0457133,127.0530162
1236,카페디라운지,"경기도 평택시 도일동 995-5 외 5필지(995-8,995-11,995-33,995-34,995-35) 빅토리 골프클럽 제1동 1층 ",37.0416303,127.0996436
1240,카페456,경기도 평택시 안중읍 안중리 451-6 ,36.9839353,126.9346465
1241,초롱박카페,경기도 평택시 안중읍 현화리 831 붐붐프라자 ,36.9789933,126.9191019
1242,날쌘카페(송탄점),경기도 평택시 서정동 835-10 1층 일부호,37.0665838,127.0556943
1247,세븐일레븐 청북중앙로점,경기도 평택시 청북읍 삼계리 501-1 ,37.0445323,126.9017085
1256,일리터살롱,경기도 평택시 서정동 303-6 서정역꿈의도시두드림주상복합 103호,37.0593466,127.0547177
1257,조그만카페,경기도 평택시 지산동 864-3 1층 ,37.0739573,127.0587374
1259,가유카페,경기도 평택시 안중읍 송담리 829-10 ,36.9809877,126.9294152
1264,일루스터(ILLUSTER),경기도 평택시 신장동 217-15 외 1필지(217-18) 1동 101호,37.0805412,127.0550061
1265,케쿠룸(KEKU ROOM),경기도 평택시 비전동 817-6 ,36.9963717,127.1037054
1266,매머드익스프레스 평택고덕점,"경기도 평택시 고덕면 0 고덕국제화지구 FD11 2-1, 104호 ",,
1272,양굽당,경기도 평택시 용이동 487-8 ,37.0001282,127.1507506
1274,멍청하개,경기도 평택시 안중읍 현화리 831 붐붐프라자 ,36.9789933,126.9191019
1275,빈스커피,경기도 평택시 진위면 청호리 342-1 105호 ,37.1234422,127.0821736
1278,꿈이크는일터,경기도 평택시 신대동 240-1 ,37.0000261,127.0614633
1281,금정다방(까페),경기도 평택시 지제동 302-12 열린타운C ,37.0234722,127.0557727
1282,커피볶는집 커피본좌,경기도 평택시 포승읍 도곡리 1142-13 ,36.9886527,126.8458182
1283,이디야 평택성모병원점,경기도 평택시 세교동 439 ,37.0088405,127.0733854
1287,봉명동내커피(평택송탄점),경기도 평택시 서정동 1103-13 1층 ,37.0647701,127.0666152
1289,만랩커피 평택소사벌점,경기도 평택시 비전동 1098-1 희성프라자 ,37.0013791,127.1144271
1290,빽다방 서정리역점,경기도 평택시 서정동 318-15 1층 ,37.0569322,127.0545917
1291,메가엠지씨커피 평택더샵센트럴,경기도 평택시 동삭동 0 ,,
1295,원두막,경기도 평택시 청북읍 어연리 906 평택 스마트팩토리 ,37.0493042,126.9758814
1296,률 컴퍼니 (작은 식탁),경기도 평택시 비전동 1046-10 ,37.0028771,127.1109945
1297,플라이북,경기도 평택시 비전동 1104 ,36.9991678,127.1125291
1298,할리스 평택이충DT점,"경기도 평택시 이충동 59 외1필지(59-3), A동 1~2층 ",37.0555259,127.0743448
1300,던킨평택비전점,경기도 평택시 비전동 1103 가로수빌딩 ,36.9988583,127.1136204
1301,달리는커피 동삭센트럴파크점,경기도 평택시 동삭동 0 ,,
1306,비앤허니벌이랑꿀이랑,경기도 평택시 현덕면 대안리 15 ,36.9351743,126.9582186
1308,소우커피,경기도 평택시 죽백동 359-1 ,37.0108905,127.1189638
1309,한국농업경영인평택시연합회,경기도 평택시 오성면 숙성리 95-3 ,37.0146051,126.9811593
1311,카페37.2도(CAFE 37.2℃),경기도 평택시 죽백동 771-1 ,37.0038069,127.1192789
1313,평택로얄블루카페,경기도 평택시 평택동 63-3 ,36.9935759,127.0861709
1314,제이엔씨워시조아,경기도 평택시 포승읍 만호리 573-4 ,36.9772217,126.8425955
1317,MEASURE(메저),경기도 평택시 가재동 105-4 1층 ,37.0407104,127.0882626
1318,할리스커피 평택지산점,"경기도 평택시 지산동 808-4 가이아프레지던스 101,102호",37.0788490,127.0558877
1321,카페 로스팅 빈스(CAFE ROASTING BEANS),경기도 평택시 유천동 481-9 ,36.9708856,127.1094601
1324,카페험프리즈,경기도 평택시 팽성읍 신대리 143-2 ,36.9495918,127.0067452
1326,"오늘도,숨",경기도 평택시 청북읍 옥길리 1161-2 ,37.0179177,126.9174724
1330,스타벅스평택대DT점,경기도 평택시 용이동 606-2 ,36.9933221,127.1346730
1337,"오늘도, 카페일리터 용이점",경기도 평택시 용이동 444-5 ,36.9981711,127.1364943
1339,드림카페,경기도 평택시 장당동 52-7 금성주유소 가동 1층 ,37.0436963,127.0631311
1347,느티나무카페,경기도 평택시 비전동 610 평택시립도서관 ,36.9958289,127.0937140
1352,컴포즈커피(평택서정점),경기도 평택시 서정동 332-24 1층 ,37.0567941,127.0556032
1354,카페온실,경기도 평택시 안중읍 송담리 833-1 ,36.9812716,126.9281143
1358,쉐이크테일,경기도 평택시 비전동 1100-2 트러스트원 빌딩 ,37.0005537,127.1142816
1367,효커피,경기도 평택시 진위면 갈곶리 151 1동 1층 ,37.1262100,127.0767390
1369,도대리카페,경기도 평택시 현덕면 도대리 176-48 ,36.9551607,126.9041627
1371,카페썬샤워,경기도 평택시 도일동 1165-6 1층 ,37.0389416,127.0983712
1372,메가엠지씨커피 평택장당점,"경기도 평택시 이충동 612-4 외1필지 612-5, 1동 1층 ",37.0517977,127.0570256
1373,세라젬웰카페 평택소사벌점,경기도 평택시 비전동 1090-4 소사벌 어반테라스 ,37.0007637,127.1121257
1374,커피도큐먼트,경기도 평택시 합정동 902-3 ,36.9890258,127.1053762
1375,서양밥집,경기도 평택시 안중읍 송담리 836-6 ,36.9802544,126.9290859
1376,해류뭄해리,경기도 평택시 유천동 124 ,36.9763127,127.1212703
1384,넥스튠,경기도 평택시 현덕면 화양리 54-121 ,36.9725432,126.9219132
1385,팔공티 평택용죽점,경기도 평택시 용이동 684-4 ,36.9942641,127.1259869
1386,워시랜드,경기도 평택시 죽백동 136-58 ,37.0066847,127.1361313
1388,커피다움,경기도 평택시 비전동 731-5 ,36.9936488,127.0949036
1389,메가엠지씨커피 평택힐스테이트점,경기도 평택시 세교동 303-3 힐스테이트 평택 ,37.0114828,127.0875215
1390,아이캔커피 송탄점,경기도 평택시 서정동 839-6 1층 ,37.0659892,127.0589744
1392,GS25청북사거리점,경기도 평택시 청북읍 옥길리 1062-1 ,37.0226489,126.9104440
1393,파스쿠찌 평택힐스테이트점,경기도 평택시 세교동 0 세교디오네프라자 ,,
1394,미남커피 중흥점,경기도 평택시 죽백동 721 소사벌 중흥S-클래스 에코시티 ,37.0085046,127.1101232
1395,웍스스테이션(WORKSSTATION),경기도 평택시 서정동 427-10 1층 ,37.0579554,127.0536242
1396,발걸음,경기도 평택시 고덕동 1948-15 1층 ,37.0508943,127.0472899
1397,슈나 평택본점,경기도 평택시 비전동 992-3 ,37.0047794,127.1021457
1399,메가엠지씨커피 평택아너스빌점,경기도 평택시 비전동 833-2 ,36.9942887,127.1119543
1400,"카페,사월",경기도 평택시 서탄면 장등리 623-3 1층~2층 ,37.0757072,127.0219865
1401,아이캔커피(용이점),경기도 평택시 용이동 464-5 ,36.9953765,127.1390209
1403,카페_장안(Caffe_Jangan),"경기도 평택시 장안동 326-7 1층, 2층 ",37.0587070,127.0814385
1404,카페봄봄 고덕삼성점,"경기도 평택시 고덕면 0 고덕국제화계획지구 Fd10 19-2, 1층 ",,
1407,탐앤탐스 평택고덕점,"경기도 평택시 고덕면 여염리 4388-1 프리미엄 원희캐슬 고덕신도시 101호, 102호, 103호 ",37.0443701,127.0553959
1409,반달커피 평택고덕삼성점,경기도 평택시 고덕동 2073-2 1층 ,37.0434552,127.0540361
1410,그래비티 맘시티점,경기도 평택시 칠원동 120-31 1층 ,37.0282063,127.1064563
1411,우붓워크룸(ubud workroom),경기도 평택시 비전동 732-10 라벨르메종 ,36.9939723,127.0951181
1412,컴포즈커피 고덕삼성점,경기도 평택시 고덕면 여염리 4436-3 1층 ,37.0417170,127.0518548
1417,커피온도,"경기도 평택시 고덕면 궁리 75 (외1필지) 태평아파트 상가동 116호, 117호 ",37.0165963,127.0337546
1419,카페(cafe)732,경기도 평택시 청북읍 어연리 732-22 ,37.0475440,126.9722941
1423,메가엠지씨커피 평택지산점,경기도 평택시 독곡동 487 1층 ,37.0806129,127.0640154
1426,이디야커피평택시청점,경기도 평택시 합정동 972-13 ,36.9891080,127.1141574
1427,정진원의커피볶는집고덕점,경기도 평택시 고덕면 --- 고덕국제화계획지구 이주자택지 FD13블럭 9-4 ,,
1428,던킨도너츠 평택휴게소점,경기도 평택시 청북읍 현곡리 73-18 평택복합휴게시설 ,37.0450459,126.9443841
1429,탐앤탐스 평택휴게소점,경기도 평택시 청북읍 현곡리 73-18 평택복합휴게시설 ,37.0450459,126.9443841
1430,엔제리너스(제천)평택휴게소점,경기도 평택시 청북읍 현곡리 73-18 평택복합휴게시설 ,37.0450459,126.9443841
1437,메가엠지씨커피 평택포승점,경기도 평택시 포승읍 도곡리 1144-1 ,36.9880260,126.8452700
1442,과일스토어,경기도 평택시 서정동 433-7 (외3필지) 서정벨루스하임 109호,37.0603924,127.0539741
1444,카페공작,경기도 평택시 안중읍 금곡리 54-5 ,37.0002248,126.9578657
1447,카페거기,경기도 평택시 청북읍 율북리 0 ,,
1448,다소니,경기도 평택시 안중읍 안중리 262-78 ,36.9865780,126.9283361
1449,카페인,경기도 평택시 통복동 84-9 ,36.9953843,127.0860746
1452,더힐하우스(The hill house),경기도 평택시 독곡동 150-4 1층 ,37.0874510,127.0729806
1453,요거프레소 평택동삭센트럴파크점,경기도 평택시 동삭동 0 ,,
1455,카페봄봄,경기도 평택시 칠원동 555 맘스스퀘어 C동 109호,37.0260425,127.1045895
1456,미남커피 세교중앙점,경기도 평택시 세교동 0 ,,
1457,미남커피 동문점,경기도 평택시 칠원동 555 맘스스퀘어 C동 102호,37.0260425,127.1045895
1460,레스토(Restto),"경기도 평택시 고덕동 1695 외 1필지(1649-1) 사무동-2, 1층 ",37.0347238,127.0601098
1461,제로커피(zero coffee),경기도 평택시 고덕면 여염리 4494-1번지 1층 제1종근린생활시설-3 ,37.0415862,127.0502437
1464,첼시플라워&커피,경기도 평택시 청룡동 345-4 ,37.0196857,127.1189233
1465,카페이화,경기도 평택시 비전동 1001-3 ,37.0047024,127.1002746
1468,스타벅스 평택죽백DT점,경기도 평택시 죽백동 479-7 ,37.0138575,127.1134030
1475,한이 떡하우스,경기도 평택시 비전동 1042-2 ,37.0025708,127.1105144
1476,그래비티 평택고덕점,경기도 평택시 고덕동 1854-2 1층 ,37.0626603,127.0512198
1477,미남커피 고덕중앙점,경기도 평택시 고덕면 여염리 4435-2 1층 ,37.0421780,127.0518926
1482,공차평택소사벌점,경기도 평택시 비전동 1090-5 골든프라자-7 ,37.0009077,127.1123817
1483,메가엠지씨커피 서정리역점,경기도 평택시 서정동 317-52 1층 ,37.0572415,127.0540787
1486,올리터카페&디저트 평택포승점,경기도 평택시 포승읍 원정리 443-14 ,36.9926983,126.8401104
1492,카페 그나데,경기도 평택시 비전동 825-16 ,36.9963807,127.1071920
1498,CU평택중앙점,경기도 평택시 평택동 37-21 ,36.9931435,127.0871868
1504,블레스롤 평택고덕점,경기도 평택시 고덕면 여염리 4577-9번지 1층 ,37.0375616,127.0445238
1505,카페퍼즈-1(CAFE PUZ-1),경기도 평택시 평택동 34-10 ,36.9939041,127.0887002
1508,공차(평택로데오점),경기도 평택시 평택동 45-7번지 ,36.9925792,127.0874206
1511,와이트리플에이치(Y triple H),경기도 평택시 평택동 185-280 ,36.9904698,127.0868054
1512,달리는커피 평택현화점,경기도 평택시 안중읍 현화리 634-5 ,36.9887129,126.9154898
1513,공간길2(space길2),경기도 평택시 오성면 길음리 357 ,36.9852141,126.9739572
1514,공간길1(space길1),경기도 평택시 오성면 길음리 357 ,36.9852141,126.9739572
1516,카페타임슬라이스,경기도 평택시 죽백동 658-21 ,37.0052421,127.1346300
1520,씨박스(C'Box),경기도 평택시 지제동 902-1 ,37.0220623,127.0575271
1521,날쌘카페 평택소사벌점,경기도 평택시 비전동 1070-2 샤르망프라자 ,37.0025466,127.1054076
1523,오렌지스푼,경기도 평택시 용이동 172-3 103호,37.0002710,127.1348008
1524,제역마을커뮤니티센터,"경기도 평택시 신장동 363-1 외 3필지 363-9, 363-72, 363-73 1층 ",37.0851216,127.0508073
1529,카페구월,경기도 평택시 고덕면 여염리 4572-1번지 평택고덕 LH17단지 상가동 110호,37.0371037,127.0456267
1530,아이캔커피,경기도 평택시 비전동 985-4 ,37.0055777,127.1008893
1531,카페인중독 평택점,경기도 평택시 비전동 1091 골든프라자-Ⅵ ,37.0002323,127.1121595
1534,빽다방 평택안중점,경기도 평택시 안중읍 현화리 831 ,36.9789933,126.9191019
1537,카페몽,경기도 평택시 지산동 1077 1층 ,37.0797280,127.0620473
1538,찬스복권,경기도 평택시 비전동 59-8 ,37.0088772,127.1072004
1540,카페아우라,"경기도 평택시 고덕면 여염리 0번지 평택고덕국제화계획지구 FD16 5-5, 1층 ",,
1542,투썸플레이스세교점,경기도 평택시 세교동 0번지 ,,
1543,자리플라워앤커피,경기도 평택시 청북읍 옥길리 1278-4 ,37.0178942,126.9189905
1544,공차평택비전점,경기도 평택시 비전동 1012-1 아이메듀타워 ,37.0044820,127.1038810
1549,작은카페,경기도 평택시 지산동 811-23번지 외 1필지 811-26 1층 ,37.0790791,127.0550304
1550,맘앤맘 샌드위치 디저트,경기도 평택시 용이동 687-2 ,36.9927688,127.1253847
1551,유얼커피(your coffee),경기도 평택시 합정동 756-7 ,36.9923237,127.0981232
1554,무빙(Moving),경기도 평택시 팽성읍 송화리 74-6 ,36.9601316,127.0549633
1557,나인먼스,경기도 평택시 유천동 457-1 ,36.9778717,127.1107312
1565,우리두리디저트카페,경기도 평택시 용이동 448-6 ,36.9982033,127.1401119
1566,와이블랙 소사벌점,경기도 평택시 비전동 1027-2 보령프라자 ,37.0026860,127.1048925
1568,만랩커피 평택더샵센트럴점,경기도 평택시 동삭동 0 ,,
1572,메가엠지씨커피 평택비전점,경기도 평택시 비전동 1090-3 메가타워 103호,37.0006370,127.1118544
1573,메가엠지씨커피 평택안중점,경기도 평택시 안중읍 현화리 250-5 ,36.9848521,126.9241192
1574,카페그래비티 소사벌,경기도 평택시 죽백동 486-4번지 ,37.0122963,127.1115829
1576,삼층고양이,경기도 평택시 합정동 965-8번지 ,36.9895315,127.1127963
1577,파스쿠찌 평택험프리스점,경기도 평택시 팽성읍 안정리 35-1번지 ,36.9617683,127.0480088
1581,커피에반하다(덕동점),경기도 평택시 비전동 816-5번지 ,36.9969019,127.1035732
1582,카페러빗,경기도 평택시 오성면 양교리 1094-1 ,37.0250719,126.9480198
1585,진위커피로스터스,"경기도 평택시 진위면 갈곶리 95-12 외 1필지 95-15, 1층 ",37.1200636,127.0770114
1589,메가엠지씨커피 평택소사벌지구점,경기도 평택시 비전동 1013 태성빌딩 ,37.0040839,127.1048448
1591,쿡스코리아,경기도 평택시 비전동 845번지 ,36.9930046,127.1125061
1593,담백베이커리카페,경기도 평택시 용이동 474-5 ,37.0007056,127.1473703
1600,스타벅스 평택안중DT점,경기도 평택시 안중읍 현화리 649-4 ,36.9908713,126.9133777
1601,로뎀,경기도 평택시 독곡동 456-5 외3필지 송탄중앙침례교회 주건축물제1동 1층 ,37.0841885,127.0594236
1603,그레이브릭스커피,"경기도 평택시 고덕면 궁리 189-5번지 티에스(TS) 주건축물제1동 1층, 2층 ",37.0185615,127.0303999
1605,화니커피,경기도 평택시 비전동 1083번지 강일타워 ,37.0014630,127.1079750
1608,웨스트West157,경기도 평택시 현덕면 권관리 768-1 1층~4층 ,36.9236672,126.9056257
1609,카페그래비티 청북점,경기도 평택시 청북읍 옥길리 1158-8 ,37.0184715,126.9178501
1610,카툰명가,경기도 평택시 안중읍 안중리 479-1 ,36.9834069,126.9316126
1612,라르고(LARGO 26),경기도 평택시 현덕면 인광리 218-7 ,36.9724374,126.9238356
1614,백금당카페,경기도 평택시 비전동 1050-4 ,37.0025605,127.1121995
1615,소담카페,경기도 평택시 팽성읍 남산리 275-4 ,36.9520344,127.0553668
1616,빽다방 평택고덕점,경기도 평택시 고덕면 0번지 고덕국제화계획지구 Fd-11-1 3 1층 ,,
1621,어나더,경기도 평택시 합정동 915-1 ,36.9879339,127.1046933
1622,셀렉토커피 평택송담점,경기도 평택시 안중읍 송담리 854-14 ,36.9767864,126.9256403
1623,카페 모먼트(Moment),경기도 평택시 합정동 775-9 ,36.9901982,127.1056858
1625,홍지영 테라스 로스터즈,경기도 평택시 지제동 897-4 ,37.0204188,127.0570433
1629,아카이브,경기도 평택시 오성면 당거리 368-1 ,36.9892182,126.9772342
1635,우주라이크커피 고덕자이점,경기도 평택시 고덕면 여염리 4291-16 104호,37.0507537,127.0472906
1637,커피당,경기도 평택시 고덕면 동청리 155-1 1층 ,37.0554617,127.0093249
1643,타타(TATA) 1호점,경기도 평택시 포승읍 도곡리 1133-9 럭스빌 ,36.9903654,126.8441059
1644,이디야 평택포승점,경기도 평택시 포승읍 도곡리 1122-1 ,36.9877028,126.8447649
1654,"카페,정스",경기도 평택시 비전동 1041 퀸즈타워 ,37.0026317,127.1098431
1655,드롭탑 고덕점,경기도 평택시 고덕면 여염리 0번지 고덕국제화계획지구 FD11-3-1 The Bong 1층 ,,
1656,메가엠지씨커피 평택이충점,경기도 평택시 이충동 668-1번지 보람플러스Ⅰ 103호,37.0595214,127.0662299
1658,메가엠지씨커피(평택동문점),경기도 평택시 칠원동 549 맘스스퀘어 B동 107호,37.0260411,127.1040977
1660,셀렉토커피 평택소사벌비전점,경기도 평택시 비전동 1095번지 로얄 프라자 ,37.0022546,127.1141731
1664,미남커피 로데오점,경기도 평택시 평택동 43-3 ,36.9924358,127.0882645
1666,토브,경기도 평택시 진위면 동천리 69번지 1층 ,37.1330517,127.1158064
1667,원포레스트,"경기도 평택시 지산동 341-1 (외3필지232,232-2,341-9)1층~2층 ",37.0763078,127.0841715
1668,카페앤,경기도 평택시 진위면 갈곶리 720-9 1층 ,37.1229878,127.0673478
1670,팔공티 송탄점,경기도 평택시 서정동 847-1번지 화신노블레스4차 103호,37.0665763,127.0620030
1673,벌크커피 평택안중점,경기도 평택시 안중읍 현화리 834-1 ,36.9793752,126.9214159
1674,이디야 평택송탄신장점,경기도 평택시 신장동 320-40 2층 ,37.0812679,127.0523940
1675,2에이치파트너,경기도 평택시 팽성읍 객사리 164-57 ,36.9665289,127.0597768
1677,정진원의커피볶는집 로데오점,경기도 평택시 평택동 290번지 ,36.9925760,127.0889190
1680,포레스트,"경기도 평택시 서정동 51-15 외1필지 지산동850-75, 1층 ",37.0732983,127.0572026
1685,카페 서대울,경기도 평택시 청북읍 고잔리 11-38번지 ,37.0650136,126.9045510
1686,미남커피 평택법원점,경기도 평택시 동삭동 705-3번지 ,37.0094908,127.0968078
1688,빌리엔젤 평택안중점,경기도 평택시 안중읍 송담리 849-12 ,36.9777130,126.9262952
1692,데일리커피,경기도 평택시 지제동 890 ,37.0216421,127.0577064
1694,모닝해즈,경기도 평택시 포승읍 원정리 1177 동우화인켐(주)평택공장 ,36.9812298,126.8427853
1696,미드커피,경기도 평택시 비전동 868-7 ,36.9974474,127.1139077
1698,카유(카페&유튜브스튜디오),경기도 평택시 통복동 385-42번지 1층 ,36.9875439,127.0768402
1702,스타벅스 평택서정DT점,경기도 평택시 서정동 813-2 1~2층 ,37.0660244,127.0635427
1706,카페모모,"경기도 평택시 지산동 159-2번지 외1필지(159-5), 1층 제2동 ",37.0760290,127.0901638
1709,빅토리아,경기도 평택시 평택동 44-4번지 ,36.9929557,127.0876097
1710,커피볶는집 홍재성로스터(Roasting),경기도 평택시 평택동 35-10 외1필지 ,36.9940211,127.0884303
1712,유옥목장,경기도 평택시 서정동 262 1층 ,37.0585896,127.0590094
1713,"카페,서정",경기도 평택시 서정동 298-8번지 1층 ,37.0588231,127.0554633
1714,오브더데이카페,경기도 평택시 군문동 357-4 ,36.9875990,127.0869820
1717,칸커피,경기도 평택시 비전동 1104 ,36.9991678,127.1125291
1722,에쓰타로카페(S타로카페),경기도 평택시 비전동 217-16 ,36.9927837,127.1078942
1727,와이블랙비전점,경기도 평택시 비전동 760-6 ,36.9923307,127.1006601
1728,씨유평택덕동행운점,경기도 평택시 비전동 821-3번지 ,36.9960746,127.1055364
1729,투썸플레이스 평택용죽점,경기도 평택시 용이동 685-3번지 ,36.9935172,127.1256481
1730,소세지클럽,경기도 평택시 신장동 274-160 1층 ,37.0793211,127.0528769
1733,더리터 소사벌지구점,경기도 평택시 비전동 1096번지 ,37.0024656,127.1145975
1734,플라워카페라이네쎄,경기도 평택시 평택동 185-579번지 평택민자역사 ,36.9909028,127.0859414
1735,카페베네 평택청북점,경기도 평택시 청북읍 옥길리 1159-2 ,37.0182696,126.9164618
1737,쵸스카페,경기도 평택시 서정동 340-5 2층 ,37.0560786,127.0554361
1740,클라시커커피,경기도 평택시 비전동 43-8번지 ,37.0106091,127.1080600
1744,카페나무,"경기도 평택시 고덕면 두릉리 299 외1필지(299-10), 1층 ",37.0665569,127.0153895
1746,스타벅스평택비전점,경기도 평택시 비전동 1103-1 ,36.9988700,127.1139728
1749,르네셀,경기도 평택시 이충동 381 현대상가 201호,37.0532831,127.0576266
1750,듄커피,경기도 평택시 통복동 75-32 1층 ,36.9981230,127.0865573
1751,수다박스,경기도 평택시 고덕면 방축리 388번지 1층 ,37.0237346,127.0414733
1753,커피디오,경기도 평택시 팽성읍 동창리 1-1 ,36.9719474,127.0403884
1759,붕어네 커피 (평택점),경기도 평택시 평택동 185-206 ,36.9893291,127.0851380
1761,팽성노인복지관위드카페,경기도 평택시 팽성읍 남산리 406-21 팽성종합사회보건복지센터 1층 ,36.9576297,127.0599701
1763,두번째나무,경기도 평택시 비전동 604-4 1층 ,36.9966440,127.0943767
1764,커피플리즈,경기도 평택시 지제동 922-2 ,37.0202040,127.0577430
1771,카페래요,경기도 평택시 가재동 181-42번지 101호,37.0415990,127.0836453
1774,너티(NUTTY),경기도 평택시 서정동 865-11 103호,37.0644251,127.0587707
1775,투썸플레이스 평택석정점,"경기도 평택시 이충동 125-23 1,2층 ",37.0545010,127.0698149
1779,팔공티(PALGONG TEA),경기도 평택시 비전동 1103-1 로데오1103더테라스 1동 126호 ,36.9988700,127.1139728
1785,메가엠지씨커피 평택동삭점,경기도 평택시 동삭동 산 104-3 평택센트럴자이4단지 416동 121호,37.0192340,127.1024486
1787,위드커피,경기도 평택시 서정동 800번지 평택시청 송탄출장소 C동 ,37.0665684,127.0649628
1789,멜번커피하우스,경기도 평택시 용이동 680-1 1층 ,36.9940490,127.1264297
1795,마노빈,경기도 평택시 고덕면 여염리 0 ,,
1800,까페시모(안중점),경기도 평택시 현덕면 인광리 310-7 ,36.9742509,126.9229970
1801,개판,경기도 평택시 진위면 가곡리 506-4번지 ,37.1137786,127.0693812
1802,올리터카페&디저트 평택청북점,경기도 평택시 청북읍 옥길리 1162-2 ,37.0171924,126.9160271
1815,평택농부카페,경기도 평택시 포승읍 석정리 262-7 ,36.9876989,126.8957345
1817,펫스토리카페,"경기도 평택시 고덕면 두릉리 296-6 외1필지(296-35), 1층 ",37.0672471,127.0168424
1818,피스오브케이크,경기도 평택시 동삭동 818-4 평택센트럴자이 5단지 516동 117호 ,37.0204656,127.1037714
1821,평택커피임광선,경기도 평택시 죽백동 486-15번지 1동 ,37.0118355,127.1114655
1823,카페티버즈,경기도 평택시 안중읍 송담리 826-4 ,36.9820148,126.9303379
1824,페트로(PETRO),경기도 평택시 서정동 815-11번지 1층 ,37.0677031,127.0631645
1825,베네시아,경기도 평택시 안중읍 안중리 107-16번지 ,36.9856554,126.9342229
1826,커피베이오산공군점,경기도 평택시 신장동 298-19 2층 ,37.0771158,127.0470793
1829,카페푸른,경기도 평택시 용이동 648 평택 비전 푸르지오 상가동 106호,36.9955667,127.1211068
1830,텐독스,경기도 평택시 팽성읍 노양리 99-1번지 ,36.9402125,127.0015146
1832,메가엠지씨커피 평택청북점,경기도 평택시 청북읍 옥길리 1158-8 ,37.0184715,126.9178501
1833,카페온다,경기도 평택시 팽성읍 두리 27-3 ,36.9701836,127.0660602
1835,스쿤브롯,경기도 평택시 포승읍 원정리 391 ,36.9953634,126.8413456
1836,해피빈(행복한카페),경기도 평택시 안중읍 대반리 537-4 ,36.9805670,126.9562672
1844,우트(WOOT),경기도 평택시 안중읍 현화리 834-4 1층 ,36.9789623,126.9214196
1845,일루커피,경기도 평택시 진위면 봉남리 452-4 B동 1층 ,37.0985815,127.0893878
1851,이디야커피평택용죽점,경기도 평택시 용이동 678-1번지 ,36.9941861,127.1268450
1852,꿈은이루어진다카페,경기도 평택시 소사동 137-36 ,36.9878970,127.1241777
1854,프롬시아(Fromsia),경기도 평택시 팽성읍 객사리 19-29 1층 ,36.9693474,127.0686716
1858,카페 빈들에,경기도 평택시 비전동 214-8 지하1층~지상1층 ,36.9934986,127.1079667
1859,컴포즈커피 평택팽성점 (COMPOSE COFFEE),경기도 평택시 팽성읍 객사리 161-8 ,36.9647813,127.0601761
1864,코벤트 카페,경기도 평택시 팽성읍 안정리 139-3 안정빌라 ,36.9589764,127.0451738
1866,커피로드,경기도 평택시 진위면 야막리 158-2 (외 3필지) 1동 1층 ,37.1317186,127.0562040
1868,데니스커피 평택용이점,경기도 평택시 용이동 484-11 1층 101호,36.9996036,127.1479297
1872,이디야안중백병원점,경기도 평택시 안중읍 금곡리 205-10번지 안중백병원 ,37.0034668,126.9587631
1874,배다리도서관휴카페,경기도 평택시 죽백동 800번지 ,37.0009732,127.1192493
1882,마이요거트립,경기도 평택시 안중읍 송담리 842-10 ,36.9792028,126.9275568
1884,묘한카페,경기도 평택시 지산동 1125번지 1층 ,37.0801213,127.0636281
1888,메이드-인(MADE-IN),경기도 평택시 오성면 숙성리 153-2 ,37.0077612,126.9835508
1889,윌라라커피,경기도 평택시 평택동 185-579번지 평택민자역사 ,36.9909028,127.0859414
1891,카페고마움,경기도 평택시 포승읍 도곡리 1121-8번지 ,36.9886888,126.8442226
1892,코히,경기도 평택시 안중읍 송담리 846-1 ,36.9788469,126.9267188
1903,커피베이비전점,경기도 평택시 비전동 808 ,36.9976196,127.1019624
1905,봄날o'da,경기도 평택시 가재동 138-6번지 108호,37.0396093,127.0855875
1908,메가MGC커피평택대점,경기도 평택시 용이동 465-1번지 ,36.9946010,127.1364776
1909,커피에반하다(평택추팔산업단지점),경기도 평택시 팽성읍 남산리 55-2번지 ,36.9606924,127.0732494
1910,cafe153(카페153),경기도 평택시 안중읍 현화리 831번지 ,36.9789933,126.9191019
1912,마그넷커피,경기도 평택시 지산동 693-3번지 1층 ,37.0767408,127.0604153
1914,버드리(birdry) 앵무새 카페,경기도 평택시 비전동 1101-3 ,37.0001369,127.1156050
1915,하모니빈즈,경기도 평택시 청북읍 옥길리 246-6 ,37.0242648,126.9207304
1920,카페마토(CAFE MATO),경기도 평택시 서정동 816-12번지 1층 ,37.0673485,127.0629887
1923,박하향기,경기도 평택시 장안동 520번지 1층 ,37.0528606,127.0776723
1928,식빵굽냥,경기도 평택시 비전동 1055 ,37.0035871,127.1114266
1930,에코,경기도 평택시 용이동 487-12 ,37.0000427,127.1500586
1935,엣지846,경기도 평택시 안중읍 송담리 846-2번지 ,36.9787898,126.9269025
1937,레인코트 RAIN COAT,경기도 평택시 서정동 319-3 서정아트타워 103호,37.0567517,127.0547999
1939,커피마인드,경기도 평택시 비전동 829-3 ,36.9958366,127.1117098
1940,카페드마티네 평택점,경기도 평택시 평택동 185-579 평택민자역사 ,36.9909028,127.0859414
1942,팔육커피,경기도 평택시 평택동 147-1 ,36.9890793,127.0842029
1943,제니커피꼬마김밥,경기도 평택시 비전동 617-1 부원맨션 ,36.9938491,127.0942818
1945,지쿱카페(GCOOPCAFE)그린빈,경기도 평택시 포승읍 도곡리 1109번지 포승삼부르네상스2단지 ,36.9908678,126.8474842
1950,더벤티평택신한점,경기도 평택시 합정동 766-2 평택합정 SK VIEW 주상복합 ,36.9913918,127.1023992
1952,카페인,경기도 평택시 청북읍 어연리 889-6 ,37.0506467,126.9745931
1953,개떼월드,경기도 평택시 지산동 509 1층~2층 ,37.0736144,127.0794699
1955,자연미,경기도 평택시 비전동 621-18번지 ,36.9957932,127.0910407
1956,이디야평택청북점,경기도 평택시 청북읍 옥길리 1158-5 골드라인 ,37.0188844,126.9162008
1958,굄1984,경기도 평택시 서정동 778-2 1층 ,37.0700921,127.0648206
1976,카페노을,경기도 평택시 안중읍 송담리 848-1 ,36.9784195,126.9275115
1981,요거프레소 평택팽성점,경기도 평택시 팽성읍 객사리 164-11 ,36.9665029,127.0591890
1983,빽다방(평택팽성점),경기도 평택시 팽성읍 객사리 115-13 ,36.9642349,127.0631983
1985,투썸플레이스평택시청점,경기도 평택시 합정동 964-12 ,36.9899389,127.1128783
1986,카페본,경기도 평택시 팽성읍 본정리 102-5 ,36.9497399,127.0146081
1987,듀드롭,경기도 평택시 팽성읍 안정리 369-10 ,36.9638570,127.0474108
1988,온 디톡스 족욕 까페,경기도 평택시 세교동 237-36 ,37.0055649,127.0785536
1989,커피에반하다(포승점),경기도 평택시 포승읍 도곡리 1120-5 스마트빌듀오2차 ,36.9876936,126.8434944
1993,커피하우스,경기도 평택시 통복동 81-4 ,36.9968279,127.0877097
1995,해피빈(행복한카페)포승점,경기도 평택시 포승읍 만호리 575-10 평택메트로하임 ,36.9767849,126.8440555
1996,앤티앤스 평택뉴코아점,경기도 평택시 비전동 830-1 뉴코아 아울렛 백화점 ,36.9954605,127.1125809
1997,쉼표,경기도 평택시 포승읍 원정리 478-20 ,36.9933833,126.8450947
2001,위치커피,경기도 평택시 포승읍 만호리 575-1 스마트빌듀오3차 112호,36.9771029,126.8434706
2007,이승희의더치커피,경기도 평택시 안중읍 현화리 867-1 ,36.9820382,126.9264710
2008,카페케이,경기도 평택시 안중읍 안중리 474-2번지 ,36.9837049,126.9302946
2009,더솜카페,경기도 평택시 안중읍 안중리 481-1번지 ,36.9831654,126.9314583
2013,블러썸(Blossom),경기도 평택시 독곡동 468번지 삼익아파트 상가동 103호,37.0854260,127.0633760
2014,더리터평택역점,경기도 평택시 평택동 293-1 ,36.9913965,127.0898114
2019,엔제리너스지제역사점,경기도 평택시 지제동 559-4 ,37.0185584,127.0712345
2022,커피하루,경기도 평택시 안중읍 현화리 862-4 ,36.9827369,126.9251806
2024,셀렉토커피평택현곡점,경기도 평택시 청북읍 현곡리 459-4번지 ,37.0373601,126.9464554
2025,이디야커피 평택송탄점,경기도 평택시 신장동 214-54 외1필지 ,37.0813013,127.0556345
2031,카페 이앙,,,
2036,카페드쉐인,경기도 평택시 현덕면 화양리 1-3번지 외2필지 ,36.9657088,126.9192984
2044,메가엠지씨커피송탄출장소점,경기도 평택시 서정동 847-1 화신노블레스4차 102호,37.0665763,127.0620030
2045,메가엠지씨커피 평택역점,경기도 평택시 평택동 45-8 ,36.9922698,127.0869294
2048,카페마노송탄역점,경기도 평택시 신장동 243-3번지 평택송탄역클래시아 109호,37.0760073,127.0549953
2049,카페포문(cafe4moon),"경기도 평택시 이충동 19-3번지 외 2필지 2동 1,2층 ",37.0585442,127.0754411
2050,규현공예 카페세상,경기도 평택시 안중읍 안중리 269-3번지 외2필지 ,36.9876721,126.9276895
2051,카페그래비티,경기도 평택시 용이동 596-4 ,37.0002737,127.1340686
2052,요거프레소(청북고교점),경기도 평택시 청북읍 옥길리 1137 이지더원 상가동 104호,37.0223868,126.9169850
2055,가배마루굿모닝점2호,경기도 평택시 합정동 883 ,36.9906080,127.1205409
2056,러디빈안중서해로점,경기도 평택시 안중읍 용성리 47-2번지 외2필지 ,37.0157512,126.9463821
2058,투썸플레이스(송탄렉스빌점),"경기도 평택시 지산동 781-9 외 5필지(109호,110호,111호,112호) ",37.0778512,127.0573304
2064,카페승아씨,경기도 평택시 지산동 647-5 ,37.0803948,127.0668762
2065,셀렉토커피 평택청북점,경기도 평택시 청북읍 옥길리 1158-2 ,37.0182938,126.9156394
2070,요거프레소(YOGER PRESSO)청북신도시점,경기도 평택시 청북읍 옥길리 1163-1 ,37.0179612,126.9180390
2071,오퍼커피 (Offer Coffee),경기도 평택시 비전동 1045-1 ,37.0032498,127.1108800
2072,순백설탕,경기도 평택시 용이동 597-6 1층 102호 ,36.9982304,127.1335449
2075,카페더브릿지(cafe the bridge),경기도 평택시 포승읍 만호리 314-4 ,36.9602657,126.8565449
2076,카페마치2호점,경기도 평택시 청북읍 현곡리 298-1 ,37.0413841,126.9337818
2077,유디카페,경기도 평택시 장안동 5-3 외 37필지 11동 ,37.0522965,127.0950615
2079,아띠스토리,경기도 평택시 서정동 887-4번지 2층 ,37.0634277,127.0578240
2083,이디야커피 평택비전중앙점,경기도 평택시 비전동 764-21 ,36.9912970,127.1058005
2084,카운팅스타,경기도 평택시 신장동 302-133 1동 ,37.0803635,127.0505911
2085,커피냅로스터스,경기도 평택시 진위면 봉남리 181번지 ,37.0988764,127.0901188
2089,블레스롤평택법원점,경기도 평택시 동삭동 705-10 ,37.0092493,127.0985261
2099,커피베리,경기도 평택시 지제동 896-2번지 ,37.0210622,127.0569370
2101,국제웨딩컨벤션,"경기도 평택시 장안동 353번지 국제대학복합관및정문,지하1층 ",37.0645163,127.0807874
2102,미드바르,경기도 평택시 장안동 326-9 1동 ,37.0587180,127.0820138
2103,카페스페이스(CAFE SPACE),경기도 평택시 안중읍 현화리 831 ,36.9789933,126.9191019
2109,이솝가드닝카페,경기도 평택시 비전동 1064-6번지 ,37.0020495,127.1124630
2114,오브커피,경기도 평택시 신장동 317-55 외 1필지 ,37.0802309,127.0523869
2119,까로치아(CAROCIA) 안중점,경기도 평택시 안중읍 송담리 829-6 ,36.9812700,126.9298188
2120,정진원의커피볶는집(제이앤제이점),경기도 평택시 비전동 1101-1 외1필지 ,37.0004379,127.1150879
2121,마리웨일237평택소사벌점,경기도 평택시 비전동 1027번지 ,37.0031343,127.1051620
2124,브레쉬트,경기도 평택시 칠원동 98-1번지 1동 ,37.0297070,127.1014832
2126,이디야커피평택대점,경기도 평택시 용이동 466-3 ,36.9945072,127.1361664
2130,개스타그램,경기도 평택시 신장동 224-5 2층 3호,37.0790406,127.0544616
2131,오렌티오커피숍,경기도 평택시 안중읍 송담리 841-8 ,36.9786554,126.9276983
2132,비에고커피,경기도 평택시 비전동 1092번지 ,37.0012683,127.1128864
2133,아이러브커피,경기도 평택시 통복동 410-12 ,36.9907153,127.0787123
2138,1977커피라운지(coffee Lounge),경기도 평택시 팽성읍 안정리 191-1 외1필지(191-2) ,36.9581046,127.0460997
2139,투썸플레이스평택로데오점,경기도 평택시 평택동 298-1 외1필지(298-9) ,36.9914940,127.0887258
2140,소금커피,경기도 평택시 용이동 474-3번지 ,37.0007730,127.1466752
2144,탑클래스피시존,경기도 평택시 서정동 903-3번지 지하 ,37.0614073,127.0562163
2149,커피루나,경기도 평택시 비전동 882-5 ,36.9928910,127.1185405
2152,어떤커피,경기도 평택시 비전동 604-3 ,36.9966958,127.0945355
2158,커피마을(coffeevile),"경기도 평택시 팽성읍 안정리 127-31 외2필지(127-32, 134-13) ",36.9588848,127.0439153
2159,카페부오노,경기도 평택시 비전동 747-7 ,36.9928706,127.0981511
2160,카페메이,경기도 평택시 비전동 1055-5 ,37.0040315,127.1119404
2162,소피아커피,경기도 평택시 고덕면 동청리 8-2 ,37.0556243,127.0081311
2170,제이드스트릿1137,경기도 평택시 청북읍 옥길리 1137 118호,37.0223868,126.9169850
2171,문카페,경기도 평택시 서정동 515-3 외 2필지(2층) A동 ,37.0671508,127.0524796
2173,깜장콩커피,경기도 평택시 용이동 442-26 ,36.9968172,127.1380775
2178,카페루식스,경기도 평택시 합정동 919-3 인하당빌딩 ,36.9893934,127.1005647
2181,바늘꽃,경기도 평택시 지산동 1237-6번지 ,37.0806046,127.0767816
2182,커피알이,경기도 평택시 서정동 879-23 ,37.0636899,127.0544468
2185,카페마치,경기도 평택시 청북읍 율북리 11-53 1동 1층 ,37.0707906,126.9682321
2188,엔제리너스(소사벌점),경기도 평택시 비전동 1066 ,37.0013973,127.1117854
2193,어텀브리즈,경기도 평택시 비전동 1043-2 명희하우스 1층 ,37.0029705,127.1101090
2196,구스커피,경기도 평택시 평택동 65-23 부광빌딩 ,36.9934051,127.0867890
2203,카페오레,경기도 평택시 평택동 110-1 ,36.9897342,127.0817842
2206,엘앤와이커피(L&Y COFFEE),경기도 평택시 안중읍 안중리 262-22 현덕빌딩 ,36.9864908,126.9278938
2212,커피공방,경기도 평택시 포승읍 석정리 1119-21 ,36.9856298,126.8871620
2214,탭플레이,경기도 평택시 지제동 50 ,37.0211765,127.0758129
2221,스타보드카페,경기도 평택시 이충동 461-8번지 (2층) ,37.0566711,127.0576121
2223,미남커피본점,경기도 평택시 비전동 1013 태성빌딩 ,37.0040839,127.1048448
2224,투썸플레이스평택팽성점,경기도 평택시 팽성읍 송화리 787-1 ,36.9606287,127.0583716
2225,셀렉토커피평택포승점,경기도 평택시 포승읍 도곡리 1120-5 ,36.9876936,126.8434944
2227,커피루,경기도 평택시 통복동 95-34 ,36.9970230,127.0848931
2230,토프레소평택이충점,경기도 평택시 이충동 674번지 정암마을뜨란채 상가동 106호,37.0587043,127.0673833
2231,카페본즈,경기도 평택시 모곡동 443-3번지 1동 ,37.0360146,127.0768802
2235,커피양,경기도 평택시 서탄면 금암리 602번지 외 1필지 ,37.1089180,127.0325831
2238,포트오브모카(송탄점),경기도 평택시 도일동 1167-5 103호,37.0386628,127.0999423
2242,요거프레소(서정롯데캐슬점),경기도 평택시 서정동 1121 평택롯데캐슬상가 105호,37.0600235,127.0602776
2244,카페 늘 여기,경기도 평택시 지산동 684-2 1층 일부호,37.0755951,127.0598466
2248,토프레소평택지산점,경기도 평택시 지산동 1001번지 ,37.0817937,127.0603987
2258,마실,경기도 평택시 비전동 871-8 1층 ,36.9969965,127.1136527
2261,할리스커피,경기도 평택시 동삭동 711-14 1~2층 ,37.0096761,127.0989186
2264,로스팅포인트,경기도 평택시 팽성읍 추팔리 396-1 1층 ,36.9569829,127.0772359
2271,커피마마원정점,경기도 평택시 포승읍 원정리 1164-30번지 ,36.9996456,126.8451092
2272,카페휴,경기도 평택시 현덕면 권관리 302-1번지 농악마을공연장동동 ,36.9219702,126.9218319
2274,노크에스티카페,경기도 평택시 서정동 816-17 ,37.0674011,127.0623376
2277,정진원의커피볶는집세교점(ROASTERS),경기도 평택시 세교동 569-6번지 1~2층 ,36.9989668,127.0800705
2279,이디야평택법원점(EDIYA),경기도 평택시 동삭동 692-10 모세빌딩 ,37.0094754,127.0958092
2280,행복한카페,경기도 평택시 비전동 620-19 ,36.9948014,127.0902958
2282,컴포즈커피평택송탄출장소점,경기도 평택시 서정동 813-6 ,37.0664894,127.0633192
2284,토프레소(박병원점),경기도 평택시 장당동 470-12번지 외3필지 ,37.0480984,127.0572582
2285,마로카페,경기도 평택시 지산동 238-1번지 외 1필지 1동 ,37.0740285,127.0864331
2286,지예네커피 3호점,경기도 평택시 오성면 죽리 1-6 108호,37.0077926,126.9703550
2290,카페이월,경기도 평택시 이충동 664-6 하이존 102호,37.0602786,127.0659432
2293,토프레소비전프라자점,"경기도 평택시 비전동 630-12 외1필지, 1층 ",36.9962806,127.0882343
2294,투썸플레이스(소사벌점),"경기도 평택시 비전동 1109 좋은프라자2차, 112~116 ",36.9999718,127.1150266
2295,커피마마(평택현화점),경기도 평택시 안중읍 현화리 70번지 외1필지 ,36.9851187,126.9247303
2299,커피랑복권,경기도 평택시 세교동 568 1층 ,37.0006731,127.0786198
2301,놀숲,경기도 평택시 서정동 813-5번지 4층 ,37.0662577,127.0632900
2303,아시아호텔커피샵,경기도 평택시 신장동 297-61번지 외 9필지 A동 ,37.0790682,127.0509694
2306,커피집,경기도 평택시 비전동 1090번지 지엔병원 105호,36.9999117,127.1116592
2309,미남커피 금호어울림점,경기도 평택시 용이동 581 평택용이금호어울림 1단지 상가동 105호,37.0015751,127.1307921
2312,커피베이평택팽성점,"경기도 평택시 팽성읍 남산리 98-70 외 3필지(201-15,82-5,394-4) ",36.9635572,127.0654095
2314,커피상점,경기도 평택시 고덕면 궁리 82-1번지 ,37.0161239,127.0318726
2315,해피빈(행복한카페),경기도 평택시 팽성읍 남산리 317-46 ,36.9447115,127.0528225
2320,이가커피이충점,경기도 평택시 서정동 1106-2번지 ,37.0643114,127.0666983
2325,요거프레소(현촌지구점),경기도 평택시 용이동 600-1 블랑쉬에 1동 107호,36.9980976,127.1324145
2327,셀렉토커피 평택안중점,경기도 평택시 안중읍 현화리 836-6 MK빌딩 101호,36.9789365,126.9226569
2328,소프레소(소사벌점),경기도 평택시 비전동 1095 로얄프라자제1동 113호,37.0022546,127.1141731
2330,카페보스(CAFE BOSS) 평택비전점,경기도 평택시 비전동 828-1 태산그린아파트 상가동 104호,36.9976024,127.1089390
2333,데일리커피,"경기도 평택시 장안동 619번지 코오롱하늘채,상가2동 104호",37.0591088,127.0791805
2339,스타벅스커피 평택로데오점,"경기도 평택시 평택동 291 외2필지(108,109,110,111,112호) ",36.9920734,127.0885526
2347,빽다방평택소사벌1호점,경기도 평택시 비전동 1013-1 우리타워 107호,37.0037507,127.1051960
2354,평택로데오점빽다방,경기도 평택시 평택동 291-2 외3필지(로데오스타) 103호,36.9919845,127.0890046
2360,엘투커피,경기도 평택시 용이동 606-3 (1층) ,36.9935648,127.1349195
2367,씨씨카페,경기도 평택시 서정동 864-7번지 ,37.0633673,127.0587290
2370,조쌩커피,경기도 평택시 지산동 1013번지 ,37.0812936,127.0604351
2372,디저트39평택포승점,경기도 평택시 포승읍 도곡리 1154-4 101호,36.9870750,126.8472666
2374,해인카페,경기도 평택시 장안동 431-2 1층 ,37.0620473,127.0768749
2376,빵구,경기도 평택시 지산동 1145번지 ,37.0768141,127.0657482
2377,커피야,경기도 평택시 세교동 565-10 ,36.9991361,127.0804346
2379,엔제리너스 평택성모병원점,경기도 평택시 세교동 439-3 외5필지 ,37.0084026,127.0741577
2380,고즈넉카페,경기도 평택시 서정동 255-2번지 지하 ,37.0586715,127.0608841
2383,엔젤리너스죽백점,경기도 평택시 죽백동 771번지 ,37.0037964,127.1189244
2385,호커스포커스,경기도 평택시 신장동 314-15번지 외6필지 ,37.0807148,127.0517911
2386,스타벅스커피평택AK프라자,경기도 평택시 평택동 185-579 ,36.9909028,127.0859414
2388,카페수다,경기도 평택시 안중읍 학현리 501-2 평택서부복지타운 ,36.9895490,126.9218457
2389,커피니,경기도 평택시 평택동 185-579 평택역 ,36.9909028,127.0859414
2396,설빙안중점,"경기도 평택시 안중읍 현화리 831번지 배경산업개발(주) (109,110,197호) ",36.9789933,126.9191019
2398,파스쿠찌,경기도 평택시 비전동 1104 ,36.9991678,127.1125291
2405,보니또커피 평택비전점,경기도 평택시 비전동 872-5 ,36.9966077,127.1136175
2406,설빙서정점,경기도 평택시 서정동 847번지 2층 ,37.0665970,127.0617654
2409,인문학공동체여럿,경기도 평택시 합정동 929-12번지 ,36.9875274,127.1028540
2411,THE 기쁜,경기도 평택시 이충동 139번지 외15필지 2동 ,37.0562351,127.0722227
2413,노랑버스 키즈방방(비전점),경기도 평택시 비전동 487-13번지 외1필지 ,36.9997372,127.0949095
2414,카페 마데테스,경기도 평택시 용이동 491-3 ,36.9991736,127.1484826
2419,카페베네송탄신장점,경기도 평택시 신장동 324-22번지 ,37.0810322,127.0532543
2421,커피앤,경기도 평택시 서정동 787-4 A동 1층 ,37.0702653,127.0568127
2426,커피엔쿠키,경기도 평택시 청북읍 현곡리 455-3번지 다동 ,37.0393445,126.9456112
2427,송탄꽃시루,경기도 평택시 서정동 40-14번지 ,37.0717284,127.0586006
2429,토프레소비전점,경기도 평택시 비전동 811-2번지 ,36.9965816,127.1021540
2432,공차송탄점,경기도 평택시 서정동 818-35 101호,37.0672451,127.0607790
2437,"카페,운김",경기도 평택시 모곡동 442-9 ,37.0364695,127.0761201
2442,투썸플레이스평택법원점,경기도 평택시 동삭동 711-16 ,37.0094096,127.0993196
2449,차오름평택점,경기도 평택시 합정동 972-2 ,36.9881751,127.1131879
2452,웨이평택점,경기도 평택시 평택동 39-10번지 ,36.9934595,127.0887687
2453,할리스커피,경기도 평택시 평택동 65-10번지 (1~2층) ,36.9931729,127.0868553
2454,퐁치커피 평택용이점,경기도 평택시 용이동 442-28 (1층) ,36.9966988,127.1376913
2457,토프레소 세교점,경기도 평택시 세교동 563-1 ,36.9996016,127.0819401
2458,더웨이 146(The Way 146),경기도 평택시 합정동 876-1번지 ,36.9894876,127.1164983
2459,데이트,경기도 평택시 안중읍 학현리 506 1층 ,36.9884759,126.9214487
2464,치로치로,경기도 평택시 서정동 778-1 ,37.0702126,127.0648330
2465,아름다운카페,경기도 평택시 합정동 971-1 (합정감리교회1층) ,36.9873029,127.1124478
2469,위드커피3호점,경기도 평택시 이충동 산 10-24 외7필지 ,37.0664483,127.0671607
2471,바오더치커피,경기도 평택시 평택동 46-15번지 지1층 ,36.9919219,127.0879570
2474,토프레소팽성점,경기도 평택시 팽성읍 송화리 779-3 (1층) ,36.9634580,127.0589951
2477,파스쿠찌평택역점,경기도 평택시 평택동 39-13 ,36.9932771,127.0885910
2478,커피베이평택항점,경기도 평택시 포승읍 만호리 570-1번지 ,36.9574337,126.8483869
2480,까페드롭탑평택터미널점,경기도 평택시 평택동 185-245 ,36.9902427,127.0877556
2482,스타벅스커피평택송탄점,경기도 평택시 서정동 847-5 ,37.0664992,127.0629562
2486,원두야놀자,경기도 평택시 평택동 175-3번지 ,36.9898678,127.0842358
2487,요거프레소평택청북지구점,경기도 평택시 청북읍 옥길리 1097 사랑으로부영5차 상가동 103호,37.0207477,126.9123296
2488,커피콩샾,경기도 평택시 평택동 71-12 (1층) ,36.9944499,127.0848146
2489,디아떼,"경기도 평택시 이충동 610-2번지 102,103호",37.0521213,127.0575403
2493,카페보니또법원점,경기도 평택시 동삭동 708-1번지 ,37.0084177,127.0965538
2497,케빈스커피하우스,경기도 평택시 평택동 93-2번지 ,36.9911203,127.0830600
2499,커피마마,경기도 평택시 평택동 185-629 ,36.9899234,127.0847484
2500,정진원의커피볶는집용이점,경기도 평택시 용이동 450-11 ,36.9970528,127.1404845
2502,오투스커피 평택합정점,경기도 평택시 합정동 911-10 ,36.9903569,127.1007753
2503,청터북까페,경기도 평택시 합정동 392 ,36.9885961,127.1082905
2504,티큐비,경기도 평택시 안중읍 현화리 831 붐붐프라자 130호,36.9789933,126.9191019
2511,파스쿠찌평택서정점,경기도 평택시 서정동 801-9번지 ,37.0651286,127.0655618
2512,아이커피,경기도 평택시 서정동 796-3번지 ,37.0690010,127.0646771
2517,송탄시장상인회 송탄카페,경기도 평택시 지산동 754-28 ,37.0814888,127.0567459
2519,커피빅(평택장당점),경기도 평택시 장당동 635-3 외1필지 아트프라자 102호,37.0524652,127.0625486
2520,커피에반하다,경기도 평택시 비전동 829-5번지 ,36.9957393,127.1120206
2522,블로썸(Blossom),경기도 평택시 용이동 439-9 1층 ,36.9959706,127.1352754
2533,카페드림평택대학교점,경기도 평택시 용이동 111 (평택대학교내중앙도서관1층) ,36.9932188,127.1326328
2536,투썸플레이스 평택청북점,경기도 평택시 청북읍 옥길리 1157-2번지 ,37.0198941,126.9150803
2537,카페베네송탄출장소점,경기도 평택시 서정동 847-2 ,37.0665567,127.0622415
2538,커피랑,경기도 평택시 합정동 776번지 ,36.9901104,127.1061155
2549,이디야커피,경기도 평택시 평택동 37-23번지 ,36.9930574,127.0873876
2550,노크,경기도 평택시 서정동 816-17 ,37.0674011,127.0623376
2551,커피퀸,경기도 평택시 소사동 4-4 ,36.9927634,127.1327189
2554,요거프레소,경기도 평택시 안중읍 현화리 837-13 102호,36.9786634,126.9235382
2563,너프커피,경기도 평택시 평택동 33-2 ,36.9941303,127.0896808
2564,앤 153,경기도 평택시 이충동 359-21번지 1층 ,37.0555360,127.0689536
2567,위드커피,경기도 평택시 비전동 846 평택시청 신관1층 ,36.9917987,127.1128372
2572,가배마루,경기도 평택시 비전동 838-5 ,36.9928409,127.1116159
2574,빽다방평택이충점,경기도 평택시 이충동 668-3번지 뜨란프라자 102호,37.0598231,127.0667057
2578,토프레소 포승점,경기도 평택시 포승읍 도곡리 1138-12번지 ,36.9892190,126.8467431
2579,커피몰,경기도 평택시 신장동 317-22번지 (1층) ,37.0807177,127.0520993
2583,카페보니또,경기도 평택시 포승읍 만호리 570-1번지 ,36.9574337,126.8483869
2614,탐앤탐스평택SK점,"경기도 평택시 합정동 766-2번지 외 1필지 평택합정SK VIEW 주상복합1 105호, 106호 ",36.9913918,127.1023992
2622,버밀당서정리역점,경기도 평택시 서정동 427-1 (1층) ,37.0559723,127.0533614
